time,cwnd,connection_id,src,dst
199.53976500013127,2.0,72332,<entities.dtn.DTN object at 0x0000021DF8F6C7F0>,<entities.processor.Processor object at 0x0000021DFAD61C40>
199.5399750001313,3.0,72332,<entities.dtn.DTN object at 0x0000021DF8F6C7F0>,<entities.processor.Processor object at 0x0000021DFAD61C40>
199.54003500013133,4.0,72332,<entities.dtn.DTN object at 0x0000021DF8F6C7F0>,<entities.processor.Processor object at 0x0000021DFAD61C40>
199.54039500013138,5.0,72332,<entities.dtn.DTN object at 0x0000021DF8F6C7F0>,<entities.processor.Processor object at 0x0000021DFAD61C40>
199.5404550001314,6.0,72332,<entities.dtn.DTN object at 0x0000021DF8F6C7F0>,<entities.processor.Processor object at 0x0000021DFAD61C40>
199.54051500013142,7.0,72332,<entities.dtn.DTN object at 0x0000021DF8F6C7F0>,<entities.processor.Processor object at 0x0000021DFAD61C40>
199.54057500013144,8.0,72332,<entities.dtn.DTN object at 0x0000021DF8F6C7F0>,<entities.processor.Processor object at 0x0000021DFAD61C40>
199.54123500013154,9.0,72332,<entities.dtn.DTN object at 0x0000021DF8F6C7F0>,<entities.processor.Processor object at 0x0000021DFAD61C40>
199.54129500013156,10.0,72332,<entities.dtn.DTN object at 0x0000021DF8F6C7F0>,<entities.processor.Processor object at 0x0000021DFAD61C40>
199.54135500013157,11.0,72332,<entities.dtn.DTN object at 0x0000021DF8F6C7F0>,<entities.processor.Processor object at 0x0000021DFAD61C40>
199.5414150001316,12.0,72332,<entities.dtn.DTN object at 0x0000021DF8F6C7F0>,<entities.processor.Processor object at 0x0000021DFAD61C40>
199.5414750001316,13.0,72332,<entities.dtn.DTN object at 0x0000021DF8F6C7F0>,<entities.processor.Processor object at 0x0000021DFAD61C40>
199.54153500013163,14.0,72332,<entities.dtn.DTN object at 0x0000021DF8F6C7F0>,<entities.processor.Processor object at 0x0000021DFAD61C40>
199.54159500013165,15.0,72332,<entities.dtn.DTN object at 0x0000021DF8F6C7F0>,<entities.processor.Processor object at 0x0000021DFAD61C40>
199.54165500013167,16.0,72332,<entities.dtn.DTN object at 0x0000021DF8F6C7F0>,<entities.processor.Processor object at 0x0000021DFAD61C40>
199.54291500013184,17.0,72332,<entities.dtn.DTN object at 0x0000021DF8F6C7F0>,<entities.processor.Processor object at 0x0000021DFAD61C40>
199.54297500013186,18.0,72332,<entities.dtn.DTN object at 0x0000021DF8F6C7F0>,<entities.processor.Processor object at 0x0000021DFAD61C40>
199.54303500013188,19.0,72332,<entities.dtn.DTN object at 0x0000021DF8F6C7F0>,<entities.processor.Processor object at 0x0000021DFAD61C40>
199.5430950001319,20.0,72332,<entities.dtn.DTN object at 0x0000021DF8F6C7F0>,<entities.processor.Processor object at 0x0000021DFAD61C40>
199.54315500013192,21.0,72332,<entities.dtn.DTN object at 0x0000021DF8F6C7F0>,<entities.processor.Processor object at 0x0000021DFAD61C40>
199.54321500013194,22.0,72332,<entities.dtn.DTN object at 0x0000021DF8F6C7F0>,<entities.processor.Processor object at 0x0000021DFAD61C40>
199.54327500013196,23.0,72332,<entities.dtn.DTN object at 0x0000021DF8F6C7F0>,<entities.processor.Processor object at 0x0000021DFAD61C40>
199.54333500013198,24.0,72332,<entities.dtn.DTN object at 0x0000021DF8F6C7F0>,<entities.processor.Processor object at 0x0000021DFAD61C40>
199.543395000132,25.0,72332,<entities.dtn.DTN object at 0x0000021DF8F6C7F0>,<entities.processor.Processor object at 0x0000021DFAD61C40>
199.543455000132,26.0,72332,<entities.dtn.DTN object at 0x0000021DF8F6C7F0>,<entities.processor.Processor object at 0x0000021DFAD61C40>
199.54351500013203,27.0,72332,<entities.dtn.DTN object at 0x0000021DF8F6C7F0>,<entities.processor.Processor object at 0x0000021DFAD61C40>
199.54357500013205,28.0,72332,<entities.dtn.DTN object at 0x0000021DF8F6C7F0>,<entities.processor.Processor object at 0x0000021DFAD61C40>
199.54363500013207,29.0,72332,<entities.dtn.DTN object at 0x0000021DF8F6C7F0>,<entities.processor.Processor object at 0x0000021DFAD61C40>
199.5436950001321,30.0,72332,<entities.dtn.DTN object at 0x0000021DF8F6C7F0>,<entities.processor.Processor object at 0x0000021DFAD61C40>
199.5437550001321,31.0,72332,<entities.dtn.DTN object at 0x0000021DF8F6C7F0>,<entities.processor.Processor object at 0x0000021DFAD61C40>
199.54381500013213,32.0,72332,<entities.dtn.DTN object at 0x0000021DF8F6C7F0>,<entities.processor.Processor object at 0x0000021DFAD61C40>
199.54627500013245,33.0,72332,<entities.dtn.DTN object at 0x0000021DF8F6C7F0>,<entities.processor.Processor object at 0x0000021DFAD61C40>
199.54633500013247,34.0,72332,<entities.dtn.DTN object at 0x0000021DF8F6C7F0>,<entities.processor.Processor object at 0x0000021DFAD61C40>
199.5463950001325,35.0,72332,<entities.dtn.DTN object at 0x0000021DF8F6C7F0>,<entities.processor.Processor object at 0x0000021DFAD61C40>
199.5464550001325,36.0,72332,<entities.dtn.DTN object at 0x0000021DF8F6C7F0>,<entities.processor.Processor object at 0x0000021DFAD61C40>
199.54651500013253,37.0,72332,<entities.dtn.DTN object at 0x0000021DF8F6C7F0>,<entities.processor.Processor object at 0x0000021DFAD61C40>
199.54657500013255,38.0,72332,<entities.dtn.DTN object at 0x0000021DF8F6C7F0>,<entities.processor.Processor object at 0x0000021DFAD61C40>
199.54663500013257,39.0,72332,<entities.dtn.DTN object at 0x0000021DF8F6C7F0>,<entities.processor.Processor object at 0x0000021DFAD61C40>
199.5466950001326,40.0,72332,<entities.dtn.DTN object at 0x0000021DF8F6C7F0>,<entities.processor.Processor object at 0x0000021DFAD61C40>
199.5467550001326,41.0,72332,<entities.dtn.DTN object at 0x0000021DF8F6C7F0>,<entities.processor.Processor object at 0x0000021DFAD61C40>
199.54681500013263,42.0,72332,<entities.dtn.DTN object at 0x0000021DF8F6C7F0>,<entities.processor.Processor object at 0x0000021DFAD61C40>
199.54687500013264,43.0,72332,<entities.dtn.DTN object at 0x0000021DF8F6C7F0>,<entities.processor.Processor object at 0x0000021DFAD61C40>
199.54693500013266,44.0,72332,<entities.dtn.DTN object at 0x0000021DF8F6C7F0>,<entities.processor.Processor object at 0x0000021DFAD61C40>
199.54699500013268,45.0,72332,<entities.dtn.DTN object at 0x0000021DF8F6C7F0>,<entities.processor.Processor object at 0x0000021DFAD61C40>
199.5470550001327,46.0,72332,<entities.dtn.DTN object at 0x0000021DF8F6C7F0>,<entities.processor.Processor object at 0x0000021DFAD61C40>
199.54711500013272,47.0,72332,<entities.dtn.DTN object at 0x0000021DF8F6C7F0>,<entities.processor.Processor object at 0x0000021DFAD61C40>
199.54717500013274,48.0,72332,<entities.dtn.DTN object at 0x0000021DF8F6C7F0>,<entities.processor.Processor object at 0x0000021DFAD61C40>
199.54723500013276,49.0,72332,<entities.dtn.DTN object at 0x0000021DF8F6C7F0>,<entities.processor.Processor object at 0x0000021DFAD61C40>
199.54729500013278,50.0,72332,<entities.dtn.DTN object at 0x0000021DF8F6C7F0>,<entities.processor.Processor object at 0x0000021DFAD61C40>
199.5473550001328,51.0,72332,<entities.dtn.DTN object at 0x0000021DF8F6C7F0>,<entities.processor.Processor object at 0x0000021DFAD61C40>
199.54741500013282,52.0,72332,<entities.dtn.DTN object at 0x0000021DF8F6C7F0>,<entities.processor.Processor object at 0x0000021DFAD61C40>
199.54747500013283,53.0,72332,<entities.dtn.DTN object at 0x0000021DF8F6C7F0>,<entities.processor.Processor object at 0x0000021DFAD61C40>
199.54753500013285,54.0,72332,<entities.dtn.DTN object at 0x0000021DF8F6C7F0>,<entities.processor.Processor object at 0x0000021DFAD61C40>
199.54759500013287,55.0,72332,<entities.dtn.DTN object at 0x0000021DF8F6C7F0>,<entities.processor.Processor object at 0x0000021DFAD61C40>
199.5476550001329,56.0,72332,<entities.dtn.DTN object at 0x0000021DF8F6C7F0>,<entities.processor.Processor object at 0x0000021DFAD61C40>
199.5477150001329,57.0,72332,<entities.dtn.DTN object at 0x0000021DF8F6C7F0>,<entities.processor.Processor object at 0x0000021DFAD61C40>
199.54777500013293,58.0,72332,<entities.dtn.DTN object at 0x0000021DF8F6C7F0>,<entities.processor.Processor object at 0x0000021DFAD61C40>
199.54783500013295,59.0,72332,<entities.dtn.DTN object at 0x0000021DF8F6C7F0>,<entities.processor.Processor object at 0x0000021DFAD61C40>
199.54789500013297,60.0,72332,<entities.dtn.DTN object at 0x0000021DF8F6C7F0>,<entities.processor.Processor object at 0x0000021DFAD61C40>
199.547955000133,61.0,72332,<entities.dtn.DTN object at 0x0000021DF8F6C7F0>,<entities.processor.Processor object at 0x0000021DFAD61C40>
199.548015000133,62.0,72332,<entities.dtn.DTN object at 0x0000021DF8F6C7F0>,<entities.processor.Processor object at 0x0000021DFAD61C40>
199.54807500013303,63.0,72332,<entities.dtn.DTN object at 0x0000021DF8F6C7F0>,<entities.processor.Processor object at 0x0000021DFAD61C40>
199.54813500013304,64.0,72332,<entities.dtn.DTN object at 0x0000021DF8F6C7F0>,<entities.processor.Processor object at 0x0000021DFAD61C40>
199.55299500013368,64.0015625,72332,<entities.dtn.DTN object at 0x0000021DF8F6C7F0>,<entities.processor.Processor object at 0x0000021DFAD61C40>
199.5530550001337,64.00312496185397,72332,<entities.dtn.DTN object at 0x0000021DF8F6C7F0>,<entities.processor.Processor object at 0x0000021DFAD61C40>
199.5530850001337,64.00468738556468,72332,<entities.dtn.DTN object at 0x0000021DF8F6C7F0>,<entities.processor.Processor object at 0x0000021DFAD61C40>
199.55311500013372,64.00624977113493,72332,<entities.dtn.DTN object at 0x0000021DF8F6C7F0>,<entities.processor.Processor object at 0x0000021DFAD61C40>
199.55314500013372,64.00781211856753,72332,<entities.dtn.DTN object at 0x0000021DF8F6C7F0>,<entities.processor.Processor object at 0x0000021DFAD61C40>
199.55317500013373,64.00937442786525,72332,<entities.dtn.DTN object at 0x0000021DF8F6C7F0>,<entities.processor.Processor object at 0x0000021DFAD61C40>
199.55320500013374,64.0109366990309,72332,<entities.dtn.DTN object at 0x0000021DF8F6C7F0>,<entities.processor.Processor object at 0x0000021DFAD61C40>
199.55323500013375,64.01249893206727,72332,<entities.dtn.DTN object at 0x0000021DF8F6C7F0>,<entities.processor.Processor object at 0x0000021DFAD61C40>
199.55326500013376,64.01406112697715,72332,<entities.dtn.DTN object at 0x0000021DF8F6C7F0>,<entities.processor.Processor object at 0x0000021DFAD61C40>
199.55329500013377,64.01562328376333,72332,<entities.dtn.DTN object at 0x0000021DF8F6C7F0>,<entities.processor.Processor object at 0x0000021DFAD61C40>
199.55332500013378,64.0171854024286,72332,<entities.dtn.DTN object at 0x0000021DF8F6C7F0>,<entities.processor.Processor object at 0x0000021DFAD61C40>
199.5533550001338,64.01874748297574,72332,<entities.dtn.DTN object at 0x0000021DF8F6C7F0>,<entities.processor.Processor object at 0x0000021DFAD61C40>
199.5533850001338,64.02030952540755,72332,<entities.dtn.DTN object at 0x0000021DF8F6C7F0>,<entities.processor.Processor object at 0x0000021DFAD61C40>
199.5534150001338,64.02187152972682,72332,<entities.dtn.DTN object at 0x0000021DF8F6C7F0>,<entities.processor.Processor object at 0x0000021DFAD61C40>
199.55344500013382,64.02343349593635,72332,<entities.dtn.DTN object at 0x0000021DF8F6C7F0>,<entities.processor.Processor object at 0x0000021DFAD61C40>
199.55347500013383,64.0249954240389,72332,<entities.dtn.DTN object at 0x0000021DF8F6C7F0>,<entities.processor.Processor object at 0x0000021DFAD61C40>
199.55350500013384,64.0265573140373,72332,<entities.dtn.DTN object at 0x0000021DF8F6C7F0>,<entities.processor.Processor object at 0x0000021DFAD61C40>
199.55353500013385,64.02811916593431,72332,<entities.dtn.DTN object at 0x0000021DF8F6C7F0>,<entities.processor.Processor object at 0x0000021DFAD61C40>
199.55356500013386,64.02968097973273,72332,<entities.dtn.DTN object at 0x0000021DF8F6C7F0>,<entities.processor.Processor object at 0x0000021DFAD61C40>
199.55359500013387,64.03124275543534,72332,<entities.dtn.DTN object at 0x0000021DF8F6C7F0>,<entities.processor.Processor object at 0x0000021DFAD61C40>
199.55362500013388,64.03280449304494,72332,<entities.dtn.DTN object at 0x0000021DF8F6C7F0>,<entities.processor.Processor object at 0x0000021DFAD61C40>
199.5536550001339,64.03436619256429,72332,<entities.dtn.DTN object at 0x0000021DF8F6C7F0>,<entities.processor.Processor object at 0x0000021DFAD61C40>
199.5536850001339,64.0359278539962,72332,<entities.dtn.DTN object at 0x0000021DF8F6C7F0>,<entities.processor.Processor object at 0x0000021DFAD61C40>
199.5537150001339,64.03748947734346,72332,<entities.dtn.DTN object at 0x0000021DF8F6C7F0>,<entities.processor.Processor object at 0x0000021DFAD61C40>
199.55374500013392,64.03905106260883,72332,<entities.dtn.DTN object at 0x0000021DF8F6C7F0>,<entities.processor.Processor object at 0x0000021DFAD61C40>
199.55377500013392,64.04061260979513,72332,<entities.dtn.DTN object at 0x0000021DF8F6C7F0>,<entities.processor.Processor object at 0x0000021DFAD61C40>
199.55380500013393,64.04217411890512,72332,<entities.dtn.DTN object at 0x0000021DF8F6C7F0>,<entities.processor.Processor object at 0x0000021DFAD61C40>
199.55383500013394,64.0437355899416,72332,<entities.dtn.DTN object at 0x0000021DF8F6C7F0>,<entities.processor.Processor object at 0x0000021DFAD61C40>
199.55386500013395,64.04529702290736,72332,<entities.dtn.DTN object at 0x0000021DF8F6C7F0>,<entities.processor.Processor object at 0x0000021DFAD61C40>
199.55389500013396,64.04685841780517,72332,<entities.dtn.DTN object at 0x0000021DF8F6C7F0>,<entities.processor.Processor object at 0x0000021DFAD61C40>
199.55392500013397,64.04841977463781,72332,<entities.dtn.DTN object at 0x0000021DF8F6C7F0>,<entities.processor.Processor object at 0x0000021DFAD61C40>
199.55395500013398,64.04998109340808,72332,<entities.dtn.DTN object at 0x0000021DF8F6C7F0>,<entities.processor.Processor object at 0x0000021DFAD61C40>
199.553985000134,64.05154237411875,72332,<entities.dtn.DTN object at 0x0000021DF8F6C7F0>,<entities.processor.Processor object at 0x0000021DFAD61C40>
199.554015000134,64.05310361677262,72332,<entities.dtn.DTN object at 0x0000021DF8F6C7F0>,<entities.processor.Processor object at 0x0000021DFAD61C40>
199.554045000134,64.05466482137246,72332,<entities.dtn.DTN object at 0x0000021DF8F6C7F0>,<entities.processor.Processor object at 0x0000021DFAD61C40>
199.55407500013402,64.05622598792104,72332,<entities.dtn.DTN object at 0x0000021DF8F6C7F0>,<entities.processor.Processor object at 0x0000021DFAD61C40>
199.55410500013403,64.05778711642117,72332,<entities.dtn.DTN object at 0x0000021DF8F6C7F0>,<entities.processor.Processor object at 0x0000021DFAD61C40>
199.55413500013404,64.05934820687561,72332,<entities.dtn.DTN object at 0x0000021DF8F6C7F0>,<entities.processor.Processor object at 0x0000021DFAD61C40>
199.55416500013405,64.06090925928716,72332,<entities.dtn.DTN object at 0x0000021DF8F6C7F0>,<entities.processor.Processor object at 0x0000021DFAD61C40>
199.55419500013406,64.06247027365858,72332,<entities.dtn.DTN object at 0x0000021DF8F6C7F0>,<entities.processor.Processor object at 0x0000021DFAD61C40>
199.55422500013407,64.06403124999265,72332,<entities.dtn.DTN object at 0x0000021DF8F6C7F0>,<entities.processor.Processor object at 0x0000021DFAD61C40>
199.55425500013408,64.06559218829217,72332,<entities.dtn.DTN object at 0x0000021DF8F6C7F0>,<entities.processor.Processor object at 0x0000021DFAD61C40>
199.5542850001341,64.06715308855992,72332,<entities.dtn.DTN object at 0x0000021DF8F6C7F0>,<entities.processor.Processor object at 0x0000021DFAD61C40>
199.5543150001341,64.06871395079867,72332,<entities.dtn.DTN object at 0x0000021DF8F6C7F0>,<entities.processor.Processor object at 0x0000021DFAD61C40>
199.5543450001341,64.0702747750112,72332,<entities.dtn.DTN object at 0x0000021DF8F6C7F0>,<entities.processor.Processor object at 0x0000021DFAD61C40>
199.55437500013412,64.07183556120029,72332,<entities.dtn.DTN object at 0x0000021DF8F6C7F0>,<entities.processor.Processor object at 0x0000021DFAD61C40>
199.55440500013412,64.07339630936872,72332,<entities.dtn.DTN object at 0x0000021DF8F6C7F0>,<entities.processor.Processor object at 0x0000021DFAD61C40>
199.55443500013413,64.07495701951926,72332,<entities.dtn.DTN object at 0x0000021DF8F6C7F0>,<entities.processor.Processor object at 0x0000021DFAD61C40>
199.55446500013414,64.0765176916547,72332,<entities.dtn.DTN object at 0x0000021DF8F6C7F0>,<entities.processor.Processor object at 0x0000021DFAD61C40>
199.55449500013415,64.07807832577781,72332,<entities.dtn.DTN object at 0x0000021DF8F6C7F0>,<entities.processor.Processor object at 0x0000021DFAD61C40>
199.55452500013416,64.07963892189137,72332,<entities.dtn.DTN object at 0x0000021DF8F6C7F0>,<entities.processor.Processor object at 0x0000021DFAD61C40>
199.55455500013417,64.08119947999816,72332,<entities.dtn.DTN object at 0x0000021DF8F6C7F0>,<entities.processor.Processor object at 0x0000021DFAD61C40>
199.55458500013418,64.08276000010096,72332,<entities.dtn.DTN object at 0x0000021DF8F6C7F0>,<entities.processor.Processor object at 0x0000021DFAD61C40>
199.5546150001342,64.08432048220254,72332,<entities.dtn.DTN object at 0x0000021DF8F6C7F0>,<entities.processor.Processor object at 0x0000021DFAD61C40>
199.5546450001342,64.08588092630568,72332,<entities.dtn.DTN object at 0x0000021DF8F6C7F0>,<entities.processor.Processor object at 0x0000021DFAD61C40>
199.5546750001342,64.08744133241315,72332,<entities.dtn.DTN object at 0x0000021DF8F6C7F0>,<entities.processor.Processor object at 0x0000021DFAD61C40>
199.55470500013422,64.08900170052773,72332,<entities.dtn.DTN object at 0x0000021DF8F6C7F0>,<entities.processor.Processor object at 0x0000021DFAD61C40>
199.55473500013423,64.0905620306522,72332,<entities.dtn.DTN object at 0x0000021DF8F6C7F0>,<entities.processor.Processor object at 0x0000021DFAD61C40>
199.55476500013424,64.09212232278931,72332,<entities.dtn.DTN object at 0x0000021DF8F6C7F0>,<entities.processor.Processor object at 0x0000021DFAD61C40>
199.55479500013425,64.09368257694186,72332,<entities.dtn.DTN object at 0x0000021DF8F6C7F0>,<entities.processor.Processor object at 0x0000021DFAD61C40>
199.55482500013426,64.09524279311262,72332,<entities.dtn.DTN object at 0x0000021DF8F6C7F0>,<entities.processor.Processor object at 0x0000021DFAD61C40>
199.55485500013427,64.09680297130436,72332,<entities.dtn.DTN object at 0x0000021DF8F6C7F0>,<entities.processor.Processor object at 0x0000021DFAD61C40>
199.55488500013428,64.09836311151984,72332,<entities.dtn.DTN object at 0x0000021DF8F6C7F0>,<entities.processor.Processor object at 0x0000021DFAD61C40>
199.5549150001343,64.09992321376187,72332,<entities.dtn.DTN object at 0x0000021DF8F6C7F0>,<entities.processor.Processor object at 0x0000021DFAD61C40>
199.55982000013492,64.10148327803319,72332,<entities.dtn.DTN object at 0x0000021DF8F6C7F0>,<entities.processor.Processor object at 0x0000021DFAD61C40>
199.55985000013493,64.10304330433658,72332,<entities.dtn.DTN object at 0x0000021DF8F6C7F0>,<entities.processor.Processor object at 0x0000021DFAD61C40>
199.55988000013494,64.10460329267481,72332,<entities.dtn.DTN object at 0x0000021DF8F6C7F0>,<entities.processor.Processor object at 0x0000021DFAD61C40>
199.55991000013495,64.10616324305066,72332,<entities.dtn.DTN object at 0x0000021DF8F6C7F0>,<entities.processor.Processor object at 0x0000021DFAD61C40>
199.55994000013496,64.1077231554669,72332,<entities.dtn.DTN object at 0x0000021DF8F6C7F0>,<entities.processor.Processor object at 0x0000021DFAD61C40>
199.55997000013497,64.10928302992629,72332,<entities.dtn.DTN object at 0x0000021DF8F6C7F0>,<entities.processor.Processor object at 0x0000021DFAD61C40>
199.56000000013498,64.11084286643161,72332,<entities.dtn.DTN object at 0x0000021DF8F6C7F0>,<entities.processor.Processor object at 0x0000021DFAD61C40>
199.560030000135,64.11240266498562,72332,<entities.dtn.DTN object at 0x0000021DF8F6C7F0>,<entities.processor.Processor object at 0x0000021DFAD61C40>
199.560060000135,64.11396242559111,72332,<entities.dtn.DTN object at 0x0000021DF8F6C7F0>,<entities.processor.Processor object at 0x0000021DFAD61C40>
199.560090000135,64.11552214825083,72332,<entities.dtn.DTN object at 0x0000021DF8F6C7F0>,<entities.processor.Processor object at 0x0000021DFAD61C40>
199.56012000013502,64.11708183296757,72332,<entities.dtn.DTN object at 0x0000021DF8F6C7F0>,<entities.processor.Processor object at 0x0000021DFAD61C40>
199.56015000013502,64.11864147974408,72332,<entities.dtn.DTN object at 0x0000021DF8F6C7F0>,<entities.processor.Processor object at 0x0000021DFAD61C40>
199.56018000013503,64.12020108858314,72332,<entities.dtn.DTN object at 0x0000021DF8F6C7F0>,<entities.processor.Processor object at 0x0000021DFAD61C40>
199.56021000013504,64.1217606594875,72332,<entities.dtn.DTN object at 0x0000021DF8F6C7F0>,<entities.processor.Processor object at 0x0000021DFAD61C40>
199.56024000013505,64.12332019245996,72332,<entities.dtn.DTN object at 0x0000021DF8F6C7F0>,<entities.processor.Processor object at 0x0000021DFAD61C40>
199.56027000013506,64.12487968750325,72332,<entities.dtn.DTN object at 0x0000021DF8F6C7F0>,<entities.processor.Processor object at 0x0000021DFAD61C40>
199.56030000013507,64.12643914462016,72332,<entities.dtn.DTN object at 0x0000021DF8F6C7F0>,<entities.processor.Processor object at 0x0000021DFAD61C40>
199.56033000013508,64.12799856381346,72332,<entities.dtn.DTN object at 0x0000021DF8F6C7F0>,<entities.processor.Processor object at 0x0000021DFAD61C40>
199.5603600001351,64.1295579450859,72332,<entities.dtn.DTN object at 0x0000021DF8F6C7F0>,<entities.processor.Processor object at 0x0000021DFAD61C40>
199.5603900001351,64.13111728844027,72332,<entities.dtn.DTN object at 0x0000021DF8F6C7F0>,<entities.processor.Processor object at 0x0000021DFAD61C40>
199.5604200001351,64.13267659387931,72332,<entities.dtn.DTN object at 0x0000021DF8F6C7F0>,<entities.processor.Processor object at 0x0000021DFAD61C40>
199.56045000013512,64.1342358614058,72332,<entities.dtn.DTN object at 0x0000021DF8F6C7F0>,<entities.processor.Processor object at 0x0000021DFAD61C40>
199.56048000013513,64.1357950910225,72332,<entities.dtn.DTN object at 0x0000021DF8F6C7F0>,<entities.processor.Processor object at 0x0000021DFAD61C40>
199.56051000013514,64.13735428273219,72332,<entities.dtn.DTN object at 0x0000021DF8F6C7F0>,<entities.processor.Processor object at 0x0000021DFAD61C40>
199.56054000013515,64.13891343653762,72332,<entities.dtn.DTN object at 0x0000021DF8F6C7F0>,<entities.processor.Processor object at 0x0000021DFAD61C40>
199.56057000013516,64.14047255244155,72332,<entities.dtn.DTN object at 0x0000021DF8F6C7F0>,<entities.processor.Processor object at 0x0000021DFAD61C40>
199.56060000013517,64.14203163044675,72332,<entities.dtn.DTN object at 0x0000021DF8F6C7F0>,<entities.processor.Processor object at 0x0000021DFAD61C40>
199.56063000013518,64.143590670556,72332,<entities.dtn.DTN object at 0x0000021DF8F6C7F0>,<entities.processor.Processor object at 0x0000021DFAD61C40>
199.5606600001352,64.14514967277204,72332,<entities.dtn.DTN object at 0x0000021DF8F6C7F0>,<entities.processor.Processor object at 0x0000021DFAD61C40>
199.5606900001352,64.14670863709763,72332,<entities.dtn.DTN object at 0x0000021DF8F6C7F0>,<entities.processor.Processor object at 0x0000021DFAD61C40>
199.5607200001352,64.14826756353555,72332,<entities.dtn.DTN object at 0x0000021DF8F6C7F0>,<entities.processor.Processor object at 0x0000021DFAD61C40>
199.56075000013522,64.14982645208856,72332,<entities.dtn.DTN object at 0x0000021DF8F6C7F0>,<entities.processor.Processor object at 0x0000021DFAD61C40>
199.56078000013522,64.15138530275941,72332,<entities.dtn.DTN object at 0x0000021DF8F6C7F0>,<entities.processor.Processor object at 0x0000021DFAD61C40>
199.56081000013523,64.15294411555087,72332,<entities.dtn.DTN object at 0x0000021DF8F6C7F0>,<entities.processor.Processor object at 0x0000021DFAD61C40>
199.56084000013524,64.1545028904657,72332,<entities.dtn.DTN object at 0x0000021DF8F6C7F0>,<entities.processor.Processor object at 0x0000021DFAD61C40>
199.56087000013525,64.15606162750666,72332,<entities.dtn.DTN object at 0x0000021DF8F6C7F0>,<entities.processor.Processor object at 0x0000021DFAD61C40>
199.56090000013526,64.15762032667652,72332,<entities.dtn.DTN object at 0x0000021DF8F6C7F0>,<entities.processor.Processor object at 0x0000021DFAD61C40>
199.56093000013527,64.15917898797802,72332,<entities.dtn.DTN object at 0x0000021DF8F6C7F0>,<entities.processor.Processor object at 0x0000021DFAD61C40>
199.56096000013528,64.16073761141395,72332,<entities.dtn.DTN object at 0x0000021DF8F6C7F0>,<entities.processor.Processor object at 0x0000021DFAD61C40>
199.5609900001353,64.16229619698704,72332,<entities.dtn.DTN object at 0x0000021DF8F6C7F0>,<entities.processor.Processor object at 0x0000021DFAD61C40>
199.5610200001353,64.16385474470006,72332,<entities.dtn.DTN object at 0x0000021DF8F6C7F0>,<entities.processor.Processor object at 0x0000021DFAD61C40>
199.5610500001353,64.16541325455577,72332,<entities.dtn.DTN object at 0x0000021DF8F6C7F0>,<entities.processor.Processor object at 0x0000021DFAD61C40>
199.56108000013532,64.16697172655694,72332,<entities.dtn.DTN object at 0x0000021DF8F6C7F0>,<entities.processor.Processor object at 0x0000021DFAD61C40>
199.56111000013533,64.1685301607063,72332,<entities.dtn.DTN object at 0x0000021DF8F6C7F0>,<entities.processor.Processor object at 0x0000021DFAD61C40>
199.56114000013534,64.17008855700662,72332,<entities.dtn.DTN object at 0x0000021DF8F6C7F0>,<entities.processor.Processor object at 0x0000021DFAD61C40>
199.56117000013535,64.17164691546067,72332,<entities.dtn.DTN object at 0x0000021DF8F6C7F0>,<entities.processor.Processor object at 0x0000021DFAD61C40>
199.56120000013536,64.1732052360712,72332,<entities.dtn.DTN object at 0x0000021DF8F6C7F0>,<entities.processor.Processor object at 0x0000021DFAD61C40>
199.56123000013537,64.17476351884096,72332,<entities.dtn.DTN object at 0x0000021DF8F6C7F0>,<entities.processor.Processor object at 0x0000021DFAD61C40>
199.56126000013538,64.17632176377272,72332,<entities.dtn.DTN object at 0x0000021DF8F6C7F0>,<entities.processor.Processor object at 0x0000021DFAD61C40>
199.5612900001354,64.17787997086923,72332,<entities.dtn.DTN object at 0x0000021DF8F6C7F0>,<entities.processor.Processor object at 0x0000021DFAD61C40>
199.5613200001354,64.17943814013324,72332,<entities.dtn.DTN object at 0x0000021DF8F6C7F0>,<entities.processor.Processor object at 0x0000021DFAD61C40>
199.5613500001354,64.18099627156751,72332,<entities.dtn.DTN object at 0x0000021DF8F6C7F0>,<entities.processor.Processor object at 0x0000021DFAD61C40>
199.56138000013542,64.1825543651748,72332,<entities.dtn.DTN object at 0x0000021DF8F6C7F0>,<entities.processor.Processor object at 0x0000021DFAD61C40>
199.56141000013542,64.18411242095785,72332,<entities.dtn.DTN object at 0x0000021DF8F6C7F0>,<entities.processor.Processor object at 0x0000021DFAD61C40>
199.56144000013543,64.18567043891943,72332,<entities.dtn.DTN object at 0x0000021DF8F6C7F0>,<entities.processor.Processor object at 0x0000021DFAD61C40>
199.56147000013544,64.1872284190623,72332,<entities.dtn.DTN object at 0x0000021DF8F6C7F0>,<entities.processor.Processor object at 0x0000021DFAD61C40>
199.56150000013545,64.18878636138919,72332,<entities.dtn.DTN object at 0x0000021DF8F6C7F0>,<entities.processor.Processor object at 0x0000021DFAD61C40>
199.56153000013546,64.19034426590287,72332,<entities.dtn.DTN object at 0x0000021DF8F6C7F0>,<entities.processor.Processor object at 0x0000021DFAD61C40>
199.56156000013547,64.19190213260609,72332,<entities.dtn.DTN object at 0x0000021DF8F6C7F0>,<entities.processor.Processor object at 0x0000021DFAD61C40>
199.56159000013548,64.1934599615016,72332,<entities.dtn.DTN object at 0x0000021DF8F6C7F0>,<entities.processor.Processor object at 0x0000021DFAD61C40>
199.5616200001355,64.19501775259216,72332,<entities.dtn.DTN object at 0x0000021DF8F6C7F0>,<entities.processor.Processor object at 0x0000021DFAD61C40>
199.5616500001355,64.19657550588052,72332,<entities.dtn.DTN object at 0x0000021DF8F6C7F0>,<entities.processor.Processor object at 0x0000021DFAD61C40>
199.5616800001355,64.19813322136942,72332,<entities.dtn.DTN object at 0x0000021DF8F6C7F0>,<entities.processor.Processor object at 0x0000021DFAD61C40>
199.56171000013552,64.19969089906162,72332,<entities.dtn.DTN object at 0x0000021DF8F6C7F0>,<entities.processor.Processor object at 0x0000021DFAD61C40>
199.56174000013553,64.20124853895987,72332,<entities.dtn.DTN object at 0x0000021DF8F6C7F0>,<entities.processor.Processor object at 0x0000021DFAD61C40>
199.56664500013616,64.20280614106693,72332,<entities.dtn.DTN object at 0x0000021DF8F6C7F0>,<entities.processor.Processor object at 0x0000021DFAD61C40>
199.56667500013617,64.20436370538555,72332,<entities.dtn.DTN object at 0x0000021DF8F6C7F0>,<entities.processor.Processor object at 0x0000021DFAD61C40>
199.56670500013618,64.20592123191847,72332,<entities.dtn.DTN object at 0x0000021DF8F6C7F0>,<entities.processor.Processor object at 0x0000021DFAD61C40>
199.5667350001362,64.20747872066843,72332,<entities.dtn.DTN object at 0x0000021DF8F6C7F0>,<entities.processor.Processor object at 0x0000021DFAD61C40>
199.5667650001362,64.2090361716382,72332,<entities.dtn.DTN object at 0x0000021DF8F6C7F0>,<entities.processor.Processor object at 0x0000021DFAD61C40>
199.5667950001362,64.21059358483052,72332,<entities.dtn.DTN object at 0x0000021DF8F6C7F0>,<entities.processor.Processor object at 0x0000021DFAD61C40>
199.56682500013622,64.21215096024814,72332,<entities.dtn.DTN object at 0x0000021DF8F6C7F0>,<entities.processor.Processor object at 0x0000021DFAD61C40>
199.56685500013623,64.21370829789382,72332,<entities.dtn.DTN object at 0x0000021DF8F6C7F0>,<entities.processor.Processor object at 0x0000021DFAD61C40>
199.56688500013624,64.21526559777028,72332,<entities.dtn.DTN object at 0x0000021DF8F6C7F0>,<entities.processor.Processor object at 0x0000021DFAD61C40>
199.56691500013625,64.2168228598803,72332,<entities.dtn.DTN object at 0x0000021DF8F6C7F0>,<entities.processor.Processor object at 0x0000021DFAD61C40>
199.56694500013626,64.21838008422661,72332,<entities.dtn.DTN object at 0x0000021DF8F6C7F0>,<entities.processor.Processor object at 0x0000021DFAD61C40>
199.56697500013627,64.21993727081195,72332,<entities.dtn.DTN object at 0x0000021DF8F6C7F0>,<entities.processor.Processor object at 0x0000021DFAD61C40>
199.56700500013628,64.22149441963909,72332,<entities.dtn.DTN object at 0x0000021DF8F6C7F0>,<entities.processor.Processor object at 0x0000021DFAD61C40>
199.5670350001363,64.22305153071076,72332,<entities.dtn.DTN object at 0x0000021DF8F6C7F0>,<entities.processor.Processor object at 0x0000021DFAD61C40>
199.5670650001363,64.22460860402971,72332,<entities.dtn.DTN object at 0x0000021DF8F6C7F0>,<entities.processor.Processor object at 0x0000021DFAD61C40>
199.5670950001363,64.22616563959869,72332,<entities.dtn.DTN object at 0x0000021DF8F6C7F0>,<entities.processor.Processor object at 0x0000021DFAD61C40>
199.56712500013631,64.22772263742044,72332,<entities.dtn.DTN object at 0x0000021DF8F6C7F0>,<entities.processor.Processor object at 0x0000021DFAD61C40>
199.56715500013632,64.22927959749771,72332,<entities.dtn.DTN object at 0x0000021DF8F6C7F0>,<entities.processor.Processor object at 0x0000021DFAD61C40>
199.56718500013633,64.23083651983323,72332,<entities.dtn.DTN object at 0x0000021DF8F6C7F0>,<entities.processor.Processor object at 0x0000021DFAD61C40>
199.56721500013634,64.23239340442976,72332,<entities.dtn.DTN object at 0x0000021DF8F6C7F0>,<entities.processor.Processor object at 0x0000021DFAD61C40>
199.56724500013635,64.23395025129004,72332,<entities.dtn.DTN object at 0x0000021DF8F6C7F0>,<entities.processor.Processor object at 0x0000021DFAD61C40>
199.56727500013636,64.23550706041681,72332,<entities.dtn.DTN object at 0x0000021DF8F6C7F0>,<entities.processor.Processor object at 0x0000021DFAD61C40>
199.56730500013637,64.23706383181282,72332,<entities.dtn.DTN object at 0x0000021DF8F6C7F0>,<entities.processor.Processor object at 0x0000021DFAD61C40>
199.56733500013638,64.23862056548082,72332,<entities.dtn.DTN object at 0x0000021DF8F6C7F0>,<entities.processor.Processor object at 0x0000021DFAD61C40>
199.5673650001364,64.24017726142353,72332,<entities.dtn.DTN object at 0x0000021DF8F6C7F0>,<entities.processor.Processor object at 0x0000021DFAD61C40>
199.5673950001364,64.2417339196437,72332,<entities.dtn.DTN object at 0x0000021DF8F6C7F0>,<entities.processor.Processor object at 0x0000021DFAD61C40>
199.5674250001364,64.2432905401441,72332,<entities.dtn.DTN object at 0x0000021DF8F6C7F0>,<entities.processor.Processor object at 0x0000021DFAD61C40>
199.56745500013642,64.24484712292744,72332,<entities.dtn.DTN object at 0x0000021DF8F6C7F0>,<entities.processor.Processor object at 0x0000021DFAD61C40>
199.56748500013643,64.24640366799647,72332,<entities.dtn.DTN object at 0x0000021DF8F6C7F0>,<entities.processor.Processor object at 0x0000021DFAD61C40>
199.56751500013644,64.24796017535394,72332,<entities.dtn.DTN object at 0x0000021DF8F6C7F0>,<entities.processor.Processor object at 0x0000021DFAD61C40>
199.56754500013645,64.24951664500257,72332,<entities.dtn.DTN object at 0x0000021DF8F6C7F0>,<entities.processor.Processor object at 0x0000021DFAD61C40>
199.56757500013646,64.25107307694513,72332,<entities.dtn.DTN object at 0x0000021DF8F6C7F0>,<entities.processor.Processor object at 0x0000021DFAD61C40>
199.56760500013647,64.25262947118435,72332,<entities.dtn.DTN object at 0x0000021DF8F6C7F0>,<entities.processor.Processor object at 0x0000021DFAD61C40>
199.56763500013648,64.25418582772295,72332,<entities.dtn.DTN object at 0x0000021DF8F6C7F0>,<entities.processor.Processor object at 0x0000021DFAD61C40>
199.5676650001365,64.25574214656369,72332,<entities.dtn.DTN object at 0x0000021DF8F6C7F0>,<entities.processor.Processor object at 0x0000021DFAD61C40>
199.5676950001365,64.2572984277093,72332,<entities.dtn.DTN object at 0x0000021DF8F6C7F0>,<entities.processor.Processor object at 0x0000021DFAD61C40>
199.5677250001365,64.25885467116252,72332,<entities.dtn.DTN object at 0x0000021DF8F6C7F0>,<entities.processor.Processor object at 0x0000021DFAD61C40>
199.56775500013651,64.2604108769261,72332,<entities.dtn.DTN object at 0x0000021DF8F6C7F0>,<entities.processor.Processor object at 0x0000021DFAD61C40>
199.56778500013652,64.26196704500276,72332,<entities.dtn.DTN object at 0x0000021DF8F6C7F0>,<entities.processor.Processor object at 0x0000021DFAD61C40>
199.56781500013653,64.26352317539525,72332,<entities.dtn.DTN object at 0x0000021DF8F6C7F0>,<entities.processor.Processor object at 0x0000021DFAD61C40>
199.56784500013654,64.2650792681063,72332,<entities.dtn.DTN object at 0x0000021DF8F6C7F0>,<entities.processor.Processor object at 0x0000021DFAD61C40>
199.56787500013655,64.26663532313866,72332,<entities.dtn.DTN object at 0x0000021DF8F6C7F0>,<entities.processor.Processor object at 0x0000021DFAD61C40>
199.56790500013656,64.26819134049505,72332,<entities.dtn.DTN object at 0x0000021DF8F6C7F0>,<entities.processor.Processor object at 0x0000021DFAD61C40>
199.56793500013657,64.26974732017823,72332,<entities.dtn.DTN object at 0x0000021DF8F6C7F0>,<entities.processor.Processor object at 0x0000021DFAD61C40>
199.56796500013658,64.27130326219091,72332,<entities.dtn.DTN object at 0x0000021DF8F6C7F0>,<entities.processor.Processor object at 0x0000021DFAD61C40>
199.5679950001366,64.27285916653584,72332,<entities.dtn.DTN object at 0x0000021DF8F6C7F0>,<entities.processor.Processor object at 0x0000021DFAD61C40>
199.5680250001366,64.27441503321575,72332,<entities.dtn.DTN object at 0x0000021DF8F6C7F0>,<entities.processor.Processor object at 0x0000021DFAD61C40>
199.5680550001366,64.27597086223338,72332,<entities.dtn.DTN object at 0x0000021DF8F6C7F0>,<entities.processor.Processor object at 0x0000021DFAD61C40>
199.56808500013662,64.27752665359147,72332,<entities.dtn.DTN object at 0x0000021DF8F6C7F0>,<entities.processor.Processor object at 0x0000021DFAD61C40>
199.56811500013663,64.27908240729273,72332,<entities.dtn.DTN object at 0x0000021DF8F6C7F0>,<entities.processor.Processor object at 0x0000021DFAD61C40>
199.56814500013664,64.28063812333993,72332,<entities.dtn.DTN object at 0x0000021DF8F6C7F0>,<entities.processor.Processor object at 0x0000021DFAD61C40>
199.56817500013665,64.28219380173577,72332,<entities.dtn.DTN object at 0x0000021DF8F6C7F0>,<entities.processor.Processor object at 0x0000021DFAD61C40>
199.56820500013666,64.28374944248301,72332,<entities.dtn.DTN object at 0x0000021DF8F6C7F0>,<entities.processor.Processor object at 0x0000021DFAD61C40>
199.56823500013667,64.28530504558438,72332,<entities.dtn.DTN object at 0x0000021DF8F6C7F0>,<entities.processor.Processor object at 0x0000021DFAD61C40>
199.56826500013668,64.2868606110426,72332,<entities.dtn.DTN object at 0x0000021DF8F6C7F0>,<entities.processor.Processor object at 0x0000021DFAD61C40>
199.5682950001367,64.28841613886041,72332,<entities.dtn.DTN object at 0x0000021DF8F6C7F0>,<entities.processor.Processor object at 0x0000021DFAD61C40>
199.5683250001367,64.28997162904054,72332,<entities.dtn.DTN object at 0x0000021DF8F6C7F0>,<entities.processor.Processor object at 0x0000021DFAD61C40>
199.5683550001367,64.29152708158571,72332,<entities.dtn.DTN object at 0x0000021DF8F6C7F0>,<entities.processor.Processor object at 0x0000021DFAD61C40>
199.56838500013671,64.29308249649868,72332,<entities.dtn.DTN object at 0x0000021DF8F6C7F0>,<entities.processor.Processor object at 0x0000021DFAD61C40>
199.56841500013672,64.29463787378216,72332,<entities.dtn.DTN object at 0x0000021DF8F6C7F0>,<entities.processor.Processor object at 0x0000021DFAD61C40>
199.56844500013673,64.2961932134389,72332,<entities.dtn.DTN object at 0x0000021DF8F6C7F0>,<entities.processor.Processor object at 0x0000021DFAD61C40>
199.56847500013674,64.2977485154716,72332,<entities.dtn.DTN object at 0x0000021DF8F6C7F0>,<entities.processor.Processor object at 0x0000021DFAD61C40>
199.56850500013675,64.299303779883,72332,<entities.dtn.DTN object at 0x0000021DF8F6C7F0>,<entities.processor.Processor object at 0x0000021DFAD61C40>
199.56853500013676,64.30085900667585,72332,<entities.dtn.DTN object at 0x0000021DF8F6C7F0>,<entities.processor.Processor object at 0x0000021DFAD61C40>
199.56856500013677,64.30241419585286,72332,<entities.dtn.DTN object at 0x0000021DF8F6C7F0>,<entities.processor.Processor object at 0x0000021DFAD61C40>
199.5734700001374,64.30396934741677,72332,<entities.dtn.DTN object at 0x0000021DF8F6C7F0>,<entities.processor.Processor object at 0x0000021DFAD61C40>
199.57350000013741,64.30552446137031,72332,<entities.dtn.DTN object at 0x0000021DF8F6C7F0>,<entities.processor.Processor object at 0x0000021DFAD61C40>
199.57353000013742,64.3070795377162,72332,<entities.dtn.DTN object at 0x0000021DF8F6C7F0>,<entities.processor.Processor object at 0x0000021DFAD61C40>
199.57356000013743,64.30865262880475,72332,<entities.dtn.DTN object at 0x0000021DF8F6C7F0>,<entities.processor.Processor object at 0x0000021DFAD61C40>
199.57359000013744,64.31027231571777,72332,<entities.dtn.DTN object at 0x0000021DF8F6C7F0>,<entities.processor.Processor object at 0x0000021DFAD61C40>
199.57362000013745,64.31192306312848,72332,<entities.dtn.DTN object at 0x0000021DF8F6C7F0>,<entities.processor.Processor object at 0x0000021DFAD61C40>
199.57365000013746,64.31360489772989,72332,<entities.dtn.DTN object at 0x0000021DF8F6C7F0>,<entities.processor.Processor object at 0x0000021DFAD61C40>
199.57368000013747,64.31534902937483,72332,<entities.dtn.DTN object at 0x0000021DF8F6C7F0>,<entities.processor.Processor object at 0x0000021DFAD61C40>
199.57371000013748,64.3171246887128,72332,<entities.dtn.DTN object at 0x0000021DF8F6C7F0>,<entities.processor.Processor object at 0x0000021DFAD61C40>
199.5737400001375,64.31894650865638,72332,<entities.dtn.DTN object at 0x0000021DF8F6C7F0>,<entities.processor.Processor object at 0x0000021DFAD61C40>
199.5737700001375,64.32079977277058,72332,<entities.dtn.DTN object at 0x0000021DF8F6C7F0>,<entities.processor.Processor object at 0x0000021DFAD61C40>
199.5738000001375,64.32268374312014,72332,<entities.dtn.DTN object at 0x0000021DF8F6C7F0>,<entities.processor.Processor object at 0x0000021DFAD61C40>
199.57383000013752,64.32461435874306,72332,<entities.dtn.DTN object at 0x0000021DF8F6C7F0>,<entities.processor.Processor object at 0x0000021DFAD61C40>
199.57386000013753,64.32659160762519,72332,<entities.dtn.DTN object at 0x0000021DF8F6C7F0>,<entities.processor.Processor object at 0x0000021DFAD61C40>
199.57389000013754,64.32859994716252,72332,<entities.dtn.DTN object at 0x0000021DF8F6C7F0>,<entities.processor.Processor object at 0x0000021DFAD61C40>
199.57392000013755,64.33065489798356,72332,<entities.dtn.DTN object at 0x0000021DF8F6C7F0>,<entities.processor.Processor object at 0x0000021DFAD61C40>
199.57395000013756,64.3327413153606,72332,<entities.dtn.DTN object at 0x0000021DF8F6C7F0>,<entities.processor.Processor object at 0x0000021DFAD61C40>
199.57398000013757,64.33487398760222,72332,<entities.dtn.DTN object at 0x0000021DF8F6C7F0>,<entities.processor.Processor object at 0x0000021DFAD61C40>
199.57401000013758,64.33703829052571,72332,<entities.dtn.DTN object at 0x0000021DF8F6C7F0>,<entities.processor.Processor object at 0x0000021DFAD61C40>
199.5740400001376,64.33924870311829,72332,<entities.dtn.DTN object at 0x0000021DF8F6C7F0>,<entities.processor.Processor object at 0x0000021DFAD61C40>
199.5740700001376,64.34149020839936,72332,<entities.dtn.DTN object at 0x0000021DF8F6C7F0>,<entities.processor.Processor object at 0x0000021DFAD61C40>
199.5741000001376,64.34377835745464,72332,<entities.dtn.DTN object at 0x0000021DF8F6C7F0>,<entities.processor.Processor object at 0x0000021DFAD61C40>
199.57413000013761,64.34609759935003,72332,<entities.dtn.DTN object at 0x0000021DF8F6C7F0>,<entities.processor.Processor object at 0x0000021DFAD61C40>
199.57416000013762,64.34846348039395,72332,<entities.dtn.DTN object at 0x0000021DF8F6C7F0>,<entities.processor.Processor object at 0x0000021DFAD61C40>
199.57419000013763,64.35086491609546,72332,<entities.dtn.DTN object at 0x0000021DF8F6C7F0>,<entities.processor.Processor object at 0x0000021DFAD61C40>
199.57422000013764,64.35329731424717,72332,<entities.dtn.DTN object at 0x0000021DF8F6C7F0>,<entities.processor.Processor object at 0x0000021DFAD61C40>
199.57425000013765,64.3557687449649,72332,<entities.dtn.DTN object at 0x0000021DF8F6C7F0>,<entities.processor.Processor object at 0x0000021DFAD61C40>
199.57428000013766,64.35828942434972,72332,<entities.dtn.DTN object at 0x0000021DF8F6C7F0>,<entities.processor.Processor object at 0x0000021DFAD61C40>
199.57431000013767,64.36085673421623,72332,<entities.dtn.DTN object at 0x0000021DF8F6C7F0>,<entities.processor.Processor object at 0x0000021DFAD61C40>
199.57434000013768,64.36345513923985,72332,<entities.dtn.DTN object at 0x0000021DF8F6C7F0>,<entities.processor.Processor object at 0x0000021DFAD61C40>
199.5743700001377,64.36608461647862,72332,<entities.dtn.DTN object at 0x0000021DF8F6C7F0>,<entities.processor.Processor object at 0x0000021DFAD61C40>
199.5744000001377,64.36876074473288,72332,<entities.dtn.DTN object at 0x0000021DF8F6C7F0>,<entities.processor.Processor object at 0x0000021DFAD61C40>
199.5744300001377,64.37148353264027,72332,<entities.dtn.DTN object at 0x0000021DF8F6C7F0>,<entities.processor.Processor object at 0x0000021DFAD61C40>
199.57446000013772,64.37425301104838,72332,<entities.dtn.DTN object at 0x0000021DF8F6C7F0>,<entities.processor.Processor object at 0x0000021DFAD61C40>
199.57449000013773,64.37705390138028,72332,<entities.dtn.DTN object at 0x0000021DF8F6C7F0>,<entities.processor.Processor object at 0x0000021DFAD61C40>
199.57452000013774,64.37990111129491,72332,<entities.dtn.DTN object at 0x0000021DF8F6C7F0>,<entities.processor.Processor object at 0x0000021DFAD61C40>
199.57455000013775,64.38277939301061,72332,<entities.dtn.DTN object at 0x0000021DF8F6C7F0>,<entities.processor.Processor object at 0x0000021DFAD61C40>
199.57458000013776,64.38570437053893,72332,<entities.dtn.DTN object at 0x0000021DF8F6C7F0>,<entities.processor.Processor object at 0x0000021DFAD61C40>
199.57461000013777,64.38866039926637,72332,<entities.dtn.DTN object at 0x0000021DF8F6C7F0>,<entities.processor.Processor object at 0x0000021DFAD61C40>
199.57464000013778,64.39166309811235,72332,<entities.dtn.DTN object at 0x0000021DF8F6C7F0>,<entities.processor.Processor object at 0x0000021DFAD61C40>
199.5746700001378,64.39471257174229,72332,<entities.dtn.DTN object at 0x0000021DF8F6C7F0>,<entities.processor.Processor object at 0x0000021DFAD61C40>
199.5747000001378,64.3978091256708,72332,<entities.dtn.DTN object at 0x0000021DF8F6C7F0>,<entities.processor.Processor object at 0x0000021DFAD61C40>
199.5747300001378,64.4009519341476,72332,<entities.dtn.DTN object at 0x0000021DF8F6C7F0>,<entities.processor.Processor object at 0x0000021DFAD61C40>
199.57476000013781,64.40412849685328,72332,<entities.dtn.DTN object at 0x0000021DF8F6C7F0>,<entities.processor.Processor object at 0x0000021DFAD61C40>
199.57479000013782,64.4073440860584,72332,<entities.dtn.DTN object at 0x0000021DF8F6C7F0>,<entities.processor.Processor object at 0x0000021DFAD61C40>
199.57482000013783,64.41059072476628,72332,<entities.dtn.DTN object at 0x0000021DF8F6C7F0>,<entities.processor.Processor object at 0x0000021DFAD61C40>
199.57485000013784,64.41389965957845,72332,<entities.dtn.DTN object at 0x0000021DF8F6C7F0>,<entities.processor.Processor object at 0x0000021DFAD61C40>
199.57488000013785,64.41725525728965,72332,<entities.dtn.DTN object at 0x0000021DF8F6C7F0>,<entities.processor.Processor object at 0x0000021DFAD61C40>
199.57491000013786,64.420657592088,72332,<entities.dtn.DTN object at 0x0000021DF8F6C7F0>,<entities.processor.Processor object at 0x0000021DFAD61C40>
199.57494000013787,64.42409118909214,72332,<entities.dtn.DTN object at 0x0000021DF8F6C7F0>,<entities.processor.Processor object at 0x0000021DFAD61C40>
199.57497000013788,64.42755565177447,72332,<entities.dtn.DTN object at 0x0000021DF8F6C7F0>,<entities.processor.Processor object at 0x0000021DFAD61C40>
199.5750000001379,64.4310667408908,72332,<entities.dtn.DTN object at 0x0000021DF8F6C7F0>,<entities.processor.Processor object at 0x0000021DFAD61C40>
199.5750300001379,64.43464013137073,72332,<entities.dtn.DTN object at 0x0000021DF8F6C7F0>,<entities.processor.Processor object at 0x0000021DFAD61C40>
199.5750600001379,64.43824651158566,72332,<entities.dtn.DTN object at 0x0000021DF8F6C7F0>,<entities.processor.Processor object at 0x0000021DFAD61C40>
199.57509000013792,64.44189905797948,72332,<entities.dtn.DTN object at 0x0000021DF8F6C7F0>,<entities.processor.Processor object at 0x0000021DFAD61C40>
199.57512000013793,64.4455826528682,72332,<entities.dtn.DTN object at 0x0000021DF8F6C7F0>,<entities.processor.Processor object at 0x0000021DFAD61C40>
199.57515000013794,64.44931288824026,72332,<entities.dtn.DTN object at 0x0000021DF8F6C7F0>,<entities.processor.Processor object at 0x0000021DFAD61C40>
199.57518000013795,64.45307417484626,72332,<entities.dtn.DTN object at 0x0000021DF8F6C7F0>,<entities.processor.Processor object at 0x0000021DFAD61C40>
199.57521000013796,64.45688212152592,72332,<entities.dtn.DTN object at 0x0000021DF8F6C7F0>,<entities.processor.Processor object at 0x0000021DFAD61C40>
199.57524000013797,64.46072111819377,72332,<entities.dtn.DTN object at 0x0000021DF8F6C7F0>,<entities.processor.Processor object at 0x0000021DFAD61C40>
199.57527000013798,64.46460677187568,72332,<entities.dtn.DTN object at 0x0000021DF8F6C7F0>,<entities.processor.Processor object at 0x0000021DFAD61C40>
199.575300000138,64.46857171770932,72332,<entities.dtn.DTN object at 0x0000021DF8F6C7F0>,<entities.processor.Processor object at 0x0000021DFAD61C40>
199.575330000138,64.47261455212781,72332,<entities.dtn.DTN object at 0x0000021DF8F6C7F0>,<entities.processor.Processor object at 0x0000021DFAD61C40>
199.575360000138,64.4767353209568,72332,<entities.dtn.DTN object at 0x0000021DF8F6C7F0>,<entities.processor.Processor object at 0x0000021DFAD61C40>
199.57539000013801,64.48093413315445,72332,<entities.dtn.DTN object at 0x0000021DF8F6C7F0>,<entities.processor.Processor object at 0x0000021DFAD61C40>
199.58029500013865,64.48665601853206,72332,<entities.dtn.DTN object at 0x0000021DF8F6C7F0>,<entities.processor.Processor object at 0x0000021DFAD61C40>
199.58032500013866,64.49242485748722,72332,<entities.dtn.DTN object at 0x0000021DF8F6C7F0>,<entities.processor.Processor object at 0x0000021DFAD61C40>
199.58035500013867,64.49822431775411,72332,<entities.dtn.DTN object at 0x0000021DF8F6C7F0>,<entities.processor.Processor object at 0x0000021DFAD61C40>
199.58038500013868,64.50407040999674,72332,<entities.dtn.DTN object at 0x0000021DF8F6C7F0>,<entities.processor.Processor object at 0x0000021DFAD61C40>
199.5804150001387,64.5099631210522,72332,<entities.dtn.DTN object at 0x0000021DF8F6C7F0>,<entities.processor.Processor object at 0x0000021DFAD61C40>
199.5804450001387,64.51590242641454,72332,<entities.dtn.DTN object at 0x0000021DF8F6C7F0>,<entities.processor.Processor object at 0x0000021DFAD61C40>
199.5804750001387,64.52187262019919,72332,<entities.dtn.DTN object at 0x0000021DF8F6C7F0>,<entities.processor.Processor object at 0x0000021DFAD61C40>
199.58050500013871,64.52787371568513,72332,<entities.dtn.DTN object at 0x0000021DF8F6C7F0>,<entities.processor.Processor object at 0x0000021DFAD61C40>
199.58053500013872,64.53392141506718,72332,<entities.dtn.DTN object at 0x0000021DF8F6C7F0>,<entities.processor.Processor object at 0x0000021DFAD61C40>
199.58056500013873,64.54001570100628,72332,<entities.dtn.DTN object at 0x0000021DF8F6C7F0>,<entities.processor.Processor object at 0x0000021DFAD61C40>
199.58059500013874,64.54615659354852,72332,<entities.dtn.DTN object at 0x0000021DF8F6C7F0>,<entities.processor.Processor object at 0x0000021DFAD61C40>
199.58062500013875,64.55234404891603,72332,<entities.dtn.DTN object at 0x0000021DF8F6C7F0>,<entities.processor.Processor object at 0x0000021DFAD61C40>
199.58065500013876,64.55857807571404,72332,<entities.dtn.DTN object at 0x0000021DF8F6C7F0>,<entities.processor.Processor object at 0x0000021DFAD61C40>
199.58068500013877,64.56484295936725,72332,<entities.dtn.DTN object at 0x0000021DF8F6C7F0>,<entities.processor.Processor object at 0x0000021DFAD61C40>
199.58071500013878,64.57113867901279,72332,<entities.dtn.DTN object at 0x0000021DF8F6C7F0>,<entities.processor.Processor object at 0x0000021DFAD61C40>
199.5807450001388,64.57748095936232,72332,<entities.dtn.DTN object at 0x0000021DF8F6C7F0>,<entities.processor.Processor object at 0x0000021DFAD61C40>
199.5807750001388,64.58385409229433,72332,<entities.dtn.DTN object at 0x0000021DF8F6C7F0>,<entities.processor.Processor object at 0x0000021DFAD61C40>
199.5808050001388,64.59027384818106,72332,<entities.dtn.DTN object at 0x0000021DF8F6C7F0>,<entities.processor.Processor object at 0x0000021DFAD61C40>
199.58083500013882,64.59674011516103,72332,<entities.dtn.DTN object at 0x0000021DF8F6C7F0>,<entities.processor.Processor object at 0x0000021DFAD61C40>
199.58086500013883,64.60323719459666,72332,<entities.dtn.DTN object at 0x0000021DF8F6C7F0>,<entities.processor.Processor object at 0x0000021DFAD61C40>
199.58089500013884,64.60978079443038,72332,<entities.dtn.DTN object at 0x0000021DF8F6C7F0>,<entities.processor.Processor object at 0x0000021DFAD61C40>
199.58092500013885,64.61635518517123,72332,<entities.dtn.DTN object at 0x0000021DF8F6C7F0>,<entities.processor.Processor object at 0x0000021DFAD61C40>
199.58095500013886,64.62297608658193,72332,<entities.dtn.DTN object at 0x0000021DF8F6C7F0>,<entities.processor.Processor object at 0x0000021DFAD61C40>
199.58098500013887,64.62964354761259,72332,<entities.dtn.DTN object at 0x0000021DF8F6C7F0>,<entities.processor.Processor object at 0x0000021DFAD61C40>
199.58101500013888,64.63635745961412,72332,<entities.dtn.DTN object at 0x0000021DF8F6C7F0>,<entities.processor.Processor object at 0x0000021DFAD61C40>
199.5810450001389,64.64311786759733,72332,<entities.dtn.DTN object at 0x0000021DF8F6C7F0>,<entities.processor.Processor object at 0x0000021DFAD61C40>
199.5810750001389,64.64990900514702,72332,<entities.dtn.DTN object at 0x0000021DF8F6C7F0>,<entities.processor.Processor object at 0x0000021DFAD61C40>
199.5811050001389,64.6567466169003,72332,<entities.dtn.DTN object at 0x0000021DF8F6C7F0>,<entities.processor.Processor object at 0x0000021DFAD61C40>
199.58113500013891,64.6636152695128,72332,<entities.dtn.DTN object at 0x0000021DF8F6C7F0>,<entities.processor.Processor object at 0x0000021DFAD61C40>
199.58116500013892,64.67053011171036,72332,<entities.dtn.DTN object at 0x0000021DF8F6C7F0>,<entities.processor.Processor object at 0x0000021DFAD61C40>
199.58119500013893,64.67749136437888,72332,<entities.dtn.DTN object at 0x0000021DF8F6C7F0>,<entities.processor.Processor object at 0x0000021DFAD61C40>
199.58122500013894,64.68448335276337,72332,<entities.dtn.DTN object at 0x0000021DF8F6C7F0>,<entities.processor.Processor object at 0x0000021DFAD61C40>
199.58125500013895,64.69150603625275,72332,<entities.dtn.DTN object at 0x0000021DF8F6C7F0>,<entities.processor.Processor object at 0x0000021DFAD61C40>
199.58128500013896,64.69858318732716,72332,<entities.dtn.DTN object at 0x0000021DF8F6C7F0>,<entities.processor.Processor object at 0x0000021DFAD61C40>
199.58131500013897,64.70569154567355,72332,<entities.dtn.DTN object at 0x0000021DF8F6C7F0>,<entities.processor.Processor object at 0x0000021DFAD61C40>
199.58134500013898,64.71283865832677,72332,<entities.dtn.DTN object at 0x0000021DF8F6C7F0>,<entities.processor.Processor object at 0x0000021DFAD61C40>
199.581375000139,64.72003218051543,72332,<entities.dtn.DTN object at 0x0000021DF8F6C7F0>,<entities.processor.Processor object at 0x0000021DFAD61C40>
199.581405000139,64.72727208874751,72332,<entities.dtn.DTN object at 0x0000021DF8F6C7F0>,<entities.processor.Processor object at 0x0000021DFAD61C40>
199.581435000139,64.73454265708406,72332,<entities.dtn.DTN object at 0x0000021DF8F6C7F0>,<entities.processor.Processor object at 0x0000021DFAD61C40>
199.58146500013902,64.74185279083282,72332,<entities.dtn.DTN object at 0x0000021DF8F6C7F0>,<entities.processor.Processor object at 0x0000021DFAD61C40>
199.58149500013903,64.74920845736946,72332,<entities.dtn.DTN object at 0x0000021DF8F6C7F0>,<entities.processor.Processor object at 0x0000021DFAD61C40>
199.58152500013904,64.75659492043644,72332,<entities.dtn.DTN object at 0x0000021DF8F6C7F0>,<entities.processor.Processor object at 0x0000021DFAD61C40>
199.58155500013905,64.76402757511487,72332,<entities.dtn.DTN object at 0x0000021DF8F6C7F0>,<entities.processor.Processor object at 0x0000021DFAD61C40>
199.58158500013906,64.77149084440396,72332,<entities.dtn.DTN object at 0x0000021DF8F6C7F0>,<entities.processor.Processor object at 0x0000021DFAD61C40>
199.58161500013907,64.77900562306496,72332,<entities.dtn.DTN object at 0x0000021DF8F6C7F0>,<entities.processor.Processor object at 0x0000021DFAD61C40>
199.58164500013908,64.7865511148266,72332,<entities.dtn.DTN object at 0x0000021DF8F6C7F0>,<entities.processor.Processor object at 0x0000021DFAD61C40>
199.5816750001391,64.79412707575136,72332,<entities.dtn.DTN object at 0x0000021DF8F6C7F0>,<entities.processor.Processor object at 0x0000021DFAD61C40>
199.5817050001391,64.80174933624482,72332,<entities.dtn.DTN object at 0x0000021DF8F6C7F0>,<entities.processor.Processor object at 0x0000021DFAD61C40>
199.5817350001391,64.80940216100007,72332,<entities.dtn.DTN object at 0x0000021DF8F6C7F0>,<entities.processor.Processor object at 0x0000021DFAD61C40>
199.58176500013911,64.81710142172483,72332,<entities.dtn.DTN object at 0x0000021DF8F6C7F0>,<entities.processor.Processor object at 0x0000021DFAD61C40>
199.58179500013912,64.82484694757203,72332,<entities.dtn.DTN object at 0x0000021DF8F6C7F0>,<entities.processor.Processor object at 0x0000021DFAD61C40>
199.58182500013913,64.83262301366956,72332,<entities.dtn.DTN object at 0x0000021DF8F6C7F0>,<entities.processor.Processor object at 0x0000021DFAD61C40>
199.58185500013914,64.84042961587856,72332,<entities.dtn.DTN object at 0x0000021DF8F6C7F0>,<entities.processor.Processor object at 0x0000021DFAD61C40>
199.58188500013915,64.84828248333827,72332,<entities.dtn.DTN object at 0x0000021DF8F6C7F0>,<entities.processor.Processor object at 0x0000021DFAD61C40>
199.58191500013916,64.85616586123432,72332,<entities.dtn.DTN object at 0x0000021DF8F6C7F0>,<entities.processor.Processor object at 0x0000021DFAD61C40>
199.58194500013917,64.86411124653438,72332,<entities.dtn.DTN object at 0x0000021DF8F6C7F0>,<entities.processor.Processor object at 0x0000021DFAD61C40>
199.58197500013918,64.87210286730951,72332,<entities.dtn.DTN object at 0x0000021DF8F6C7F0>,<entities.processor.Processor object at 0x0000021DFAD61C40>
199.5820050001392,64.88014069093217,72332,<entities.dtn.DTN object at 0x0000021DF8F6C7F0>,<entities.processor.Processor object at 0x0000021DFAD61C40>
199.5820350001392,64.88820899070589,72332,<entities.dtn.DTN object at 0x0000021DF8F6C7F0>,<entities.processor.Processor object at 0x0000021DFAD61C40>
199.5820650001392,64.89632348943952,72332,<entities.dtn.DTN object at 0x0000021DF8F6C7F0>,<entities.processor.Processor object at 0x0000021DFAD61C40>
199.58209500013922,64.90446843784187,72332,<entities.dtn.DTN object at 0x0000021DF8F6C7F0>,<entities.processor.Processor object at 0x0000021DFAD61C40>
199.58212500013923,64.9126595810442,72332,<entities.dtn.DTN object at 0x0000021DF8F6C7F0>,<entities.processor.Processor object at 0x0000021DFAD61C40>
199.58215500013924,64.9208969010238,72332,<entities.dtn.DTN object at 0x0000021DF8F6C7F0>,<entities.processor.Processor object at 0x0000021DFAD61C40>
199.58218500013925,64.92916463678064,72332,<entities.dtn.DTN object at 0x0000021DF8F6C7F0>,<entities.processor.Processor object at 0x0000021DFAD61C40>
199.58221500013926,64.93747849969749,72332,<entities.dtn.DTN object at 0x0000021DF8F6C7F0>,<entities.processor.Processor object at 0x0000021DFAD61C40>
199.5871200001399,64.94675320973734,72332,<entities.dtn.DTN object at 0x0000021DF8F6C7F0>,<entities.processor.Processor object at 0x0000021DFAD61C40>
199.5871500001399,64.95607392533451,72332,<entities.dtn.DTN object at 0x0000021DF8F6C7F0>,<entities.processor.Processor object at 0x0000021DFAD61C40>
199.5871800001399,64.96542486869254,72332,<entities.dtn.DTN object at 0x0000021DF8F6C7F0>,<entities.processor.Processor object at 0x0000021DFAD61C40>
199.58721000013992,64.97480601856563,72332,<entities.dtn.DTN object at 0x0000021DF8F6C7F0>,<entities.processor.Processor object at 0x0000021DFAD61C40>
199.58724000013993,64.98423314725088,72332,<entities.dtn.DTN object at 0x0000021DF8F6C7F0>,<entities.processor.Processor object at 0x0000021DFAD61C40>
199.58727000013994,64.99369045938555,72332,<entities.dtn.DTN object at 0x0000021DF8F6C7F0>,<entities.processor.Processor object at 0x0000021DFAD61C40>
199.58730000013995,65.00319376029327,72332,<entities.dtn.DTN object at 0x0000021DF8F6C7F0>,<entities.processor.Processor object at 0x0000021DFAD61C40>
199.58736000013997,65.01275876642042,72332,<entities.dtn.DTN object at 0x0000021DF8F6C7F0>,<entities.processor.Processor object at 0x0000021DFAD61C40>
199.58739000013998,65.02235392384078,72332,<entities.dtn.DTN object at 0x0000021DF8F6C7F0>,<entities.processor.Processor object at 0x0000021DFAD61C40>
199.58742000013999,65.03197921853459,72332,<entities.dtn.DTN object at 0x0000021DF8F6C7F0>,<entities.processor.Processor object at 0x0000021DFAD61C40>
199.58745000014,65.04165041340396,72332,<entities.dtn.DTN object at 0x0000021DF8F6C7F0>,<entities.processor.Processor object at 0x0000021DFAD61C40>
199.58748000014,65.05135172929147,72332,<entities.dtn.DTN object at 0x0000021DF8F6C7F0>,<entities.processor.Processor object at 0x0000021DFAD61C40>
199.58751000014,65.06109893943531,72332,<entities.dtn.DTN object at 0x0000021DF8F6C7F0>,<entities.processor.Processor object at 0x0000021DFAD61C40>
199.58754000014002,65.07089203392239,72332,<entities.dtn.DTN object at 0x0000021DF8F6C7F0>,<entities.processor.Processor object at 0x0000021DFAD61C40>
199.58757000014003,65.0807309425637,72332,<entities.dtn.DTN object at 0x0000021DF8F6C7F0>,<entities.processor.Processor object at 0x0000021DFAD61C40>
199.58760000014004,65.09059992828487,72332,<entities.dtn.DTN object at 0x0000021DF8F6C7F0>,<entities.processor.Processor object at 0x0000021DFAD61C40>
199.58763000014005,65.100514751771,72332,<entities.dtn.DTN object at 0x0000021DF8F6C7F0>,<entities.processor.Processor object at 0x0000021DFAD61C40>
199.58766000014006,65.11047538021873,72332,<entities.dtn.DTN object at 0x0000021DF8F6C7F0>,<entities.processor.Processor object at 0x0000021DFAD61C40>
199.58769000014007,65.12048182587627,72332,<entities.dtn.DTN object at 0x0000021DF8F6C7F0>,<entities.processor.Processor object at 0x0000021DFAD61C40>
199.58772000014008,65.13053404071758,72332,<entities.dtn.DTN object at 0x0000021DF8F6C7F0>,<entities.processor.Processor object at 0x0000021DFAD61C40>
199.5877500001401,65.14061628104443,72332,<entities.dtn.DTN object at 0x0000021DF8F6C7F0>,<entities.processor.Processor object at 0x0000021DFAD61C40>
199.5877800001401,65.15072847582995,72332,<entities.dtn.DTN object at 0x0000021DF8F6C7F0>,<entities.processor.Processor object at 0x0000021DFAD61C40>
199.5878100001401,65.16089443910649,72332,<entities.dtn.DTN object at 0x0000021DF8F6C7F0>,<entities.processor.Processor object at 0x0000021DFAD61C40>
199.58784000014012,65.17109037507427,72332,<entities.dtn.DTN object at 0x0000021DF8F6C7F0>,<entities.processor.Processor object at 0x0000021DFAD61C40>
199.58787000014013,65.18133204480631,72332,<entities.dtn.DTN object at 0x0000021DF8F6C7F0>,<entities.processor.Processor object at 0x0000021DFAD61C40>
199.58790000014014,65.19162747786326,72332,<entities.dtn.DTN object at 0x0000021DF8F6C7F0>,<entities.processor.Processor object at 0x0000021DFAD61C40>
199.58793000014015,65.20195327437021,72332,<entities.dtn.DTN object at 0x0000021DF8F6C7F0>,<entities.processor.Processor object at 0x0000021DFAD61C40>
199.58796000014016,65.21232430299172,72332,<entities.dtn.DTN object at 0x0000021DF8F6C7F0>,<entities.processor.Processor object at 0x0000021DFAD61C40>
199.58799000014017,65.2227252480956,72332,<entities.dtn.DTN object at 0x0000021DF8F6C7F0>,<entities.processor.Processor object at 0x0000021DFAD61C40>
199.58802000014018,65.23317182326001,72332,<entities.dtn.DTN object at 0x0000021DF8F6C7F0>,<entities.processor.Processor object at 0x0000021DFAD61C40>
199.58805000014019,65.24364826258811,72332,<entities.dtn.DTN object at 0x0000021DF8F6C7F0>,<entities.processor.Processor object at 0x0000021DFAD61C40>
199.5880800001402,65.25417036859108,72332,<entities.dtn.DTN object at 0x0000021DF8F6C7F0>,<entities.processor.Processor object at 0x0000021DFAD61C40>
199.5881100001402,65.26473805092103,72332,<entities.dtn.DTN object at 0x0000021DF8F6C7F0>,<entities.processor.Processor object at 0x0000021DFAD61C40>
199.5881400001402,65.27535132819398,72332,<entities.dtn.DTN object at 0x0000021DF8F6C7F0>,<entities.processor.Processor object at 0x0000021DFAD61C40>
199.58817000014022,65.28599483071116,72332,<entities.dtn.DTN object at 0x0000021DF8F6C7F0>,<entities.processor.Processor object at 0x0000021DFAD61C40>
199.58820000014023,65.29666774235669,72332,<entities.dtn.DTN object at 0x0000021DF8F6C7F0>,<entities.processor.Processor object at 0x0000021DFAD61C40>
199.58823000014024,65.30738617467034,72332,<entities.dtn.DTN object at 0x0000021DF8F6C7F0>,<entities.processor.Processor object at 0x0000021DFAD61C40>
199.58826000014025,65.31813437666604,72332,<entities.dtn.DTN object at 0x0000021DF8F6C7F0>,<entities.processor.Processor object at 0x0000021DFAD61C40>
199.58829000014026,65.32892854477026,72332,<entities.dtn.DTN object at 0x0000021DF8F6C7F0>,<entities.processor.Processor object at 0x0000021DFAD61C40>
199.58832000014027,65.33976778743713,72332,<entities.dtn.DTN object at 0x0000021DF8F6C7F0>,<entities.processor.Processor object at 0x0000021DFAD61C40>
199.58835000014028,65.3506367649335,72332,<entities.dtn.DTN object at 0x0000021DF8F6C7F0>,<entities.processor.Processor object at 0x0000021DFAD61C40>
199.5883800001403,65.36155120196466,72332,<entities.dtn.DTN object at 0x0000021DF8F6C7F0>,<entities.processor.Processor object at 0x0000021DFAD61C40>
199.5884100001403,65.3724953390221,72332,<entities.dtn.DTN object at 0x0000021DF8F6C7F0>,<entities.processor.Processor object at 0x0000021DFAD61C40>
199.5884200001403,65.38348495189686,72332,<entities.dtn.DTN object at 0x0000021DF8F6C7F0>,<entities.processor.Processor object at 0x0000021DFAD61C40>
199.5884200001403,65.39450433500386,72332,<entities.dtn.DTN object at 0x0000021DF8F6C7F0>,<entities.processor.Processor object at 0x0000021DFAD61C40>
199.5884200001403,65.40555366050776,72332,<entities.dtn.DTN object at 0x0000021DF8F6C7F0>,<entities.processor.Processor object at 0x0000021DFAD61C40>
199.5884200001403,65.41663234899889,72332,<entities.dtn.DTN object at 0x0000021DF8F6C7F0>,<entities.processor.Processor object at 0x0000021DFAD61C40>
199.5884200001403,65.4277406628405,72332,<entities.dtn.DTN object at 0x0000021DF8F6C7F0>,<entities.processor.Processor object at 0x0000021DFAD61C40>
199.5884200001403,65.43887862006531,72332,<entities.dtn.DTN object at 0x0000021DF8F6C7F0>,<entities.processor.Processor object at 0x0000021DFAD61C40>
199.5884200001403,65.45003043155809,72332,<entities.dtn.DTN object at 0x0000021DF8F6C7F0>,<entities.processor.Processor object at 0x0000021DFAD61C40>
199.5884200001403,65.4612118511076,72332,<entities.dtn.DTN object at 0x0000021DF8F6C7F0>,<entities.processor.Processor object at 0x0000021DFAD61C40>
199.5884200001403,65.47242287036653,72332,<entities.dtn.DTN object at 0x0000021DF8F6C7F0>,<entities.processor.Processor object at 0x0000021DFAD61C40>
199.5884200001403,65.48366346968764,72332,<entities.dtn.DTN object at 0x0000021DF8F6C7F0>,<entities.processor.Processor object at 0x0000021DFAD61C40>
199.5884200001403,65.49493364441582,72332,<entities.dtn.DTN object at 0x0000021DF8F6C7F0>,<entities.processor.Processor object at 0x0000021DFAD61C40>
199.5884200001403,65.50623336733155,72332,<entities.dtn.DTN object at 0x0000021DF8F6C7F0>,<entities.processor.Processor object at 0x0000021DFAD61C40>
199.5884200001403,65.51756264122703,72332,<entities.dtn.DTN object at 0x0000021DF8F6C7F0>,<entities.processor.Processor object at 0x0000021DFAD61C40>
199.5884200001403,65.52892144257623,72332,<entities.dtn.DTN object at 0x0000021DF8F6C7F0>,<entities.processor.Processor object at 0x0000021DFAD61C40>
199.5884200001403,65.54029401477976,72332,<entities.dtn.DTN object at 0x0000021DF8F6C7F0>,<entities.processor.Processor object at 0x0000021DFAD61C40>
199.5884200001403,65.55169612380276,72332,<entities.dtn.DTN object at 0x0000021DF8F6C7F0>,<entities.processor.Processor object at 0x0000021DFAD61C40>
199.5884200001403,65.56312771976783,72332,<entities.dtn.DTN object at 0x0000021DF8F6C7F0>,<entities.processor.Processor object at 0x0000021DFAD61C40>
199.5884200001403,65.5745887978182,72332,<entities.dtn.DTN object at 0x0000021DF8F6C7F0>,<entities.processor.Processor object at 0x0000021DFAD61C40>
199.5884200001403,65.5860793643211,72332,<entities.dtn.DTN object at 0x0000021DF8F6C7F0>,<entities.processor.Processor object at 0x0000021DFAD61C40>
199.5884200001403,65.59759994719786,72332,<entities.dtn.DTN object at 0x0000021DF8F6C7F0>,<entities.processor.Processor object at 0x0000021DFAD61C40>
199.5884200001403,65.60914943816952,72332,<entities.dtn.DTN object at 0x0000021DF8F6C7F0>,<entities.processor.Processor object at 0x0000021DFAD61C40>
199.5884200001403,65.62072835769166,72332,<entities.dtn.DTN object at 0x0000021DF8F6C7F0>,<entities.processor.Processor object at 0x0000021DFAD61C40>
199.5916700001407,65.63293552589481,72332,<entities.dtn.DTN object at 0x0000021DF8F6C7F0>,<entities.processor.Processor object at 0x0000021DFAD61C40>
199.5916700001407,65.64518769996474,72332,<entities.dtn.DTN object at 0x0000021DF8F6C7F0>,<entities.processor.Processor object at 0x0000021DFAD61C40>
199.5916700001407,65.65746911899932,72332,<entities.dtn.DTN object at 0x0000021DF8F6C7F0>,<entities.processor.Processor object at 0x0000021DFAD61C40>
199.5916700001407,65.6697797658907,72332,<entities.dtn.DTN object at 0x0000021DF8F6C7F0>,<entities.processor.Processor object at 0x0000021DFAD61C40>
199.5916700001407,65.68211958217337,72332,<entities.dtn.DTN object at 0x0000021DF8F6C7F0>,<entities.processor.Processor object at 0x0000021DFAD61C40>
199.5916700001407,65.69448860705471,72332,<entities.dtn.DTN object at 0x0000021DF8F6C7F0>,<entities.processor.Processor object at 0x0000021DFAD61C40>
199.5916700001407,65.70687107222192,72332,<entities.dtn.DTN object at 0x0000021DF8F6C7F0>,<entities.processor.Processor object at 0x0000021DFAD61C40>
199.5916700001407,65.71928302023984,72332,<entities.dtn.DTN object at 0x0000021DF8F6C7F0>,<entities.processor.Processor object at 0x0000021DFAD61C40>
199.5916700001407,65.73172381031044,72332,<entities.dtn.DTN object at 0x0000021DF8F6C7F0>,<entities.processor.Processor object at 0x0000021DFAD61C40>
199.5916700001407,65.74419374450464,72332,<entities.dtn.DTN object at 0x0000021DF8F6C7F0>,<entities.processor.Processor object at 0x0000021DFAD61C40>
199.5916700001407,65.75667705725274,72332,<entities.dtn.DTN object at 0x0000021DF8F6C7F0>,<entities.processor.Processor object at 0x0000021DFAD61C40>
199.5916700001407,65.76919193570703,72332,<entities.dtn.DTN object at 0x0000021DF8F6C7F0>,<entities.processor.Processor object at 0x0000021DFAD61C40>
199.5916700001407,65.78173604154043,72332,<entities.dtn.DTN object at 0x0000021DF8F6C7F0>,<entities.processor.Processor object at 0x0000021DFAD61C40>
199.5916700001407,65.79430924098585,72332,<entities.dtn.DTN object at 0x0000021DF8F6C7F0>,<entities.processor.Processor object at 0x0000021DFAD61C40>
199.5916700001407,65.80691149789537,72332,<entities.dtn.DTN object at 0x0000021DF8F6C7F0>,<entities.processor.Processor object at 0x0000021DFAD61C40>
199.5916700001407,65.8195358629172,72332,<entities.dtn.DTN object at 0x0000021DF8F6C7F0>,<entities.processor.Processor object at 0x0000021DFAD61C40>
199.5916700001407,65.832188573336,72332,<entities.dtn.DTN object at 0x0000021DF8F6C7F0>,<entities.processor.Processor object at 0x0000021DFAD61C40>
199.5916700001407,65.84487032115838,72332,<entities.dtn.DTN object at 0x0000021DF8F6C7F0>,<entities.processor.Processor object at 0x0000021DFAD61C40>
199.5916700001407,65.85758107014384,72332,<entities.dtn.DTN object at 0x0000021DF8F6C7F0>,<entities.processor.Processor object at 0x0000021DFAD61C40>
199.5916700001407,65.87030511398358,72332,<entities.dtn.DTN object at 0x0000021DF8F6C7F0>,<entities.processor.Processor object at 0x0000021DFAD61C40>
199.5916700001407,65.88308966516838,72332,<entities.dtn.DTN object at 0x0000021DF8F6C7F0>,<entities.processor.Processor object at 0x0000021DFAD61C40>
199.5916700001407,65.89592695035532,72332,<entities.dtn.DTN object at 0x0000021DF8F6C7F0>,<entities.processor.Processor object at 0x0000021DFAD61C40>
199.5916700001407,65.90879320369577,72332,<entities.dtn.DTN object at 0x0000021DF8F6C7F0>,<entities.processor.Processor object at 0x0000021DFAD61C40>
199.5916700001407,65.92167268169565,72332,<entities.dtn.DTN object at 0x0000021DF8F6C7F0>,<entities.processor.Processor object at 0x0000021DFAD61C40>
199.5916700001407,65.93458108962824,72332,<entities.dtn.DTN object at 0x0000021DF8F6C7F0>,<entities.processor.Processor object at 0x0000021DFAD61C40>
199.5916700001407,65.94751842854494,72332,<entities.dtn.DTN object at 0x0000021DF8F6C7F0>,<entities.processor.Processor object at 0x0000021DFAD61C40>
199.5916700001407,65.9604689528357,72332,<entities.dtn.DTN object at 0x0000021DF8F6C7F0>,<entities.processor.Processor object at 0x0000021DFAD61C40>
199.5916700001407,65.97347218636068,72332,<entities.dtn.DTN object at 0x0000021DF8F6C7F0>,<entities.processor.Processor object at 0x0000021DFAD61C40>
199.5916700001407,65.98650426521239,72332,<entities.dtn.DTN object at 0x0000021DF8F6C7F0>,<entities.processor.Processor object at 0x0000021DFAD61C40>
199.5916700001407,65.99956523530886,72332,<entities.dtn.DTN object at 0x0000021DF8F6C7F0>,<entities.processor.Processor object at 0x0000021DFAD61C40>
199.5916700001407,66.01265504131887,72332,<entities.dtn.DTN object at 0x0000021DF8F6C7F0>,<entities.processor.Processor object at 0x0000021DFAD61C40>
199.5916700001407,66.02575795629826,72332,<entities.dtn.DTN object at 0x0000021DF8F6C7F0>,<entities.processor.Processor object at 0x0000021DFAD61C40>
199.5916700001407,66.03888969490954,72332,<entities.dtn.DTN object at 0x0000021DF8F6C7F0>,<entities.processor.Processor object at 0x0000021DFAD61C40>
199.5916700001407,66.0520547763411,72332,<entities.dtn.DTN object at 0x0000021DF8F6C7F0>,<entities.processor.Processor object at 0x0000021DFAD61C40>
199.5916700001407,66.06524865544283,72332,<entities.dtn.DTN object at 0x0000021DF8F6C7F0>,<entities.processor.Processor object at 0x0000021DFAD61C40>
199.5916700001407,66.0784556084206,72332,<entities.dtn.DTN object at 0x0000021DF8F6C7F0>,<entities.processor.Processor object at 0x0000021DFAD61C40>
199.5916700001407,66.09170808083014,72332,<entities.dtn.DTN object at 0x0000021DF8F6C7F0>,<entities.processor.Processor object at 0x0000021DFAD61C40>
199.5916700001407,66.10498931911296,72332,<entities.dtn.DTN object at 0x0000021DF8F6C7F0>,<entities.processor.Processor object at 0x0000021DFAD61C40>
199.5916700001407,66.11828359675724,72332,<entities.dtn.DTN object at 0x0000021DF8F6C7F0>,<entities.processor.Processor object at 0x0000021DFAD61C40>
199.5916700001407,66.13161466260975,72332,<entities.dtn.DTN object at 0x0000021DF8F6C7F0>,<entities.processor.Processor object at 0x0000021DFAD61C40>
199.5916700001407,66.14497442377359,72332,<entities.dtn.DTN object at 0x0000021DF8F6C7F0>,<entities.processor.Processor object at 0x0000021DFAD61C40>
199.5916700001407,66.15836289584055,72332,<entities.dtn.DTN object at 0x0000021DF8F6C7F0>,<entities.processor.Processor object at 0x0000021DFAD61C40>
199.5916700001407,66.17178004944523,72332,<entities.dtn.DTN object at 0x0000021DF8F6C7F0>,<entities.processor.Processor object at 0x0000021DFAD61C40>
199.5916700001407,66.18521017785825,72332,<entities.dtn.DTN object at 0x0000021DF8F6C7F0>,<entities.processor.Processor object at 0x0000021DFAD61C40>
