time,rtt,connection_id,src,dst
199.5398250001313,0.0001650000000381624,72332.0,<entities.dtn.DTN object at 0x0000010D3F4FF280>,<entities.processor.Processor object at 0x0000010D3F522AF0>
199.54003500013133,0.00027000000005728,72332.0,<entities.dtn.DTN object at 0x0000010D3F4FF280>,<entities.processor.Processor object at 0x0000010D3F522AF0>
199.54009500013134,0.0003000000000668024,72332.0,<entities.dtn.DTN object at 0x0000010D3F4FF280>,<entities.processor.Processor object at 0x0000010D3F522AF0>
199.5404550001314,0.00048000000009551513,72332.0,<entities.dtn.DTN object at 0x0000010D3F4FF280>,<entities.processor.Processor object at 0x0000010D3F522AF0>
199.54051500013142,0.0005100000001050375,72332.0,<entities.dtn.DTN object at 0x0000010D3F4FF280>,<entities.processor.Processor object at 0x0000010D3F522AF0>
199.54057500013144,0.00054000000011456,72332.0,<entities.dtn.DTN object at 0x0000010D3F4FF280>,<entities.processor.Processor object at 0x0000010D3F522AF0>
199.54063500013146,0.0005700000001240824,72332.0,<entities.dtn.DTN object at 0x0000010D3F4FF280>,<entities.processor.Processor object at 0x0000010D3F522AF0>
199.54129500013156,0.0009000000001719854,72332.0,<entities.dtn.DTN object at 0x0000010D3F4FF280>,<entities.processor.Processor object at 0x0000010D3F522AF0>
199.54135500013157,0.0009300000001815079,72332.0,<entities.dtn.DTN object at 0x0000010D3F4FF280>,<entities.processor.Processor object at 0x0000010D3F522AF0>
199.5414150001316,0.0009600000001910303,72332.0,<entities.dtn.DTN object at 0x0000010D3F4FF280>,<entities.processor.Processor object at 0x0000010D3F522AF0>
199.5414750001316,0.0009900000002005527,72332.0,<entities.dtn.DTN object at 0x0000010D3F4FF280>,<entities.processor.Processor object at 0x0000010D3F522AF0>
199.54153500013163,0.001020000000210075,72332.0,<entities.dtn.DTN object at 0x0000010D3F4FF280>,<entities.processor.Processor object at 0x0000010D3F522AF0>
199.54159500013165,0.0010500000002195975,72332.0,<entities.dtn.DTN object at 0x0000010D3F4FF280>,<entities.processor.Processor object at 0x0000010D3F522AF0>
199.54165500013167,0.00108000000022912,72332.0,<entities.dtn.DTN object at 0x0000010D3F4FF280>,<entities.processor.Processor object at 0x0000010D3F522AF0>
199.5417150001317,0.0011100000002386423,72332.0,<entities.dtn.DTN object at 0x0000010D3F4FF280>,<entities.processor.Processor object at 0x0000010D3F522AF0>
199.54297500013186,0.001740000000324926,72332.0,<entities.dtn.DTN object at 0x0000010D3F4FF280>,<entities.processor.Processor object at 0x0000010D3F522AF0>
199.54303500013188,0.0017700000003344485,72332.0,<entities.dtn.DTN object at 0x0000010D3F4FF280>,<entities.processor.Processor object at 0x0000010D3F522AF0>
199.5430950001319,0.001800000000343971,72332.0,<entities.dtn.DTN object at 0x0000010D3F4FF280>,<entities.processor.Processor object at 0x0000010D3F522AF0>
199.54315500013192,0.0018300000003534933,72332.0,<entities.dtn.DTN object at 0x0000010D3F4FF280>,<entities.processor.Processor object at 0x0000010D3F522AF0>
199.54321500013194,0.0018600000003630157,72332.0,<entities.dtn.DTN object at 0x0000010D3F4FF280>,<entities.processor.Processor object at 0x0000010D3F522AF0>
199.54327500013196,0.0018900000003725381,72332.0,<entities.dtn.DTN object at 0x0000010D3F4FF280>,<entities.processor.Processor object at 0x0000010D3F522AF0>
199.54333500013198,0.0019200000003820605,72332.0,<entities.dtn.DTN object at 0x0000010D3F4FF280>,<entities.processor.Processor object at 0x0000010D3F522AF0>
199.543395000132,0.001950000000391583,72332.0,<entities.dtn.DTN object at 0x0000010D3F4FF280>,<entities.processor.Processor object at 0x0000010D3F522AF0>
199.543455000132,0.0019800000004011054,72332.0,<entities.dtn.DTN object at 0x0000010D3F4FF280>,<entities.processor.Processor object at 0x0000010D3F522AF0>
199.54351500013203,0.0020100000004106278,72332.0,<entities.dtn.DTN object at 0x0000010D3F4FF280>,<entities.processor.Processor object at 0x0000010D3F522AF0>
199.54357500013205,0.00204000000042015,72332.0,<entities.dtn.DTN object at 0x0000010D3F4FF280>,<entities.processor.Processor object at 0x0000010D3F522AF0>
199.54363500013207,0.0020700000004296726,72332.0,<entities.dtn.DTN object at 0x0000010D3F4FF280>,<entities.processor.Processor object at 0x0000010D3F522AF0>
199.5436950001321,0.002100000000439195,72332.0,<entities.dtn.DTN object at 0x0000010D3F4FF280>,<entities.processor.Processor object at 0x0000010D3F522AF0>
199.5437550001321,0.0021300000004487174,72332.0,<entities.dtn.DTN object at 0x0000010D3F4FF280>,<entities.processor.Processor object at 0x0000010D3F522AF0>
199.54381500013213,0.00216000000045824,72332.0,<entities.dtn.DTN object at 0x0000010D3F4FF280>,<entities.processor.Processor object at 0x0000010D3F522AF0>
199.54387500013215,0.0021900000004677622,72332.0,<entities.dtn.DTN object at 0x0000010D3F4FF280>,<entities.processor.Processor object at 0x0000010D3F522AF0>
199.54633500013247,0.0034200000006308073,72332.0,<entities.dtn.DTN object at 0x0000010D3F4FF280>,<entities.processor.Processor object at 0x0000010D3F522AF0>
199.5463950001325,0.0034500000006403297,72332.0,<entities.dtn.DTN object at 0x0000010D3F4FF280>,<entities.processor.Processor object at 0x0000010D3F522AF0>
199.5464550001325,0.003480000000649852,72332.0,<entities.dtn.DTN object at 0x0000010D3F4FF280>,<entities.processor.Processor object at 0x0000010D3F522AF0>
199.54651500013253,0.0035100000006593746,72332.0,<entities.dtn.DTN object at 0x0000010D3F4FF280>,<entities.processor.Processor object at 0x0000010D3F522AF0>
199.54657500013255,0.003540000000668897,72332.0,<entities.dtn.DTN object at 0x0000010D3F4FF280>,<entities.processor.Processor object at 0x0000010D3F522AF0>
199.54663500013257,0.0035700000006784194,72332.0,<entities.dtn.DTN object at 0x0000010D3F4FF280>,<entities.processor.Processor object at 0x0000010D3F522AF0>
199.5466950001326,0.003600000000687942,72332.0,<entities.dtn.DTN object at 0x0000010D3F4FF280>,<entities.processor.Processor object at 0x0000010D3F522AF0>
199.5467550001326,0.003630000000697464,72332.0,<entities.dtn.DTN object at 0x0000010D3F4FF280>,<entities.processor.Processor object at 0x0000010D3F522AF0>
199.54681500013263,0.0036600000007069866,72332.0,<entities.dtn.DTN object at 0x0000010D3F4FF280>,<entities.processor.Processor object at 0x0000010D3F522AF0>
199.54687500013264,0.003690000000716509,72332.0,<entities.dtn.DTN object at 0x0000010D3F4FF280>,<entities.processor.Processor object at 0x0000010D3F522AF0>
199.54693500013266,0.0037200000007260314,72332.0,<entities.dtn.DTN object at 0x0000010D3F4FF280>,<entities.processor.Processor object at 0x0000010D3F522AF0>
199.54699500013268,0.003750000000735554,72332.0,<entities.dtn.DTN object at 0x0000010D3F4FF280>,<entities.processor.Processor object at 0x0000010D3F522AF0>
199.5470550001327,0.0037800000007450762,72332.0,<entities.dtn.DTN object at 0x0000010D3F4FF280>,<entities.processor.Processor object at 0x0000010D3F522AF0>
199.54711500013272,0.0038100000007545987,72332.0,<entities.dtn.DTN object at 0x0000010D3F4FF280>,<entities.processor.Processor object at 0x0000010D3F522AF0>
199.54717500013274,0.003840000000764121,72332.0,<entities.dtn.DTN object at 0x0000010D3F4FF280>,<entities.processor.Processor object at 0x0000010D3F522AF0>
199.54723500013276,0.0038700000007736435,72332.0,<entities.dtn.DTN object at 0x0000010D3F4FF280>,<entities.processor.Processor object at 0x0000010D3F522AF0>
199.54729500013278,0.003900000000783166,72332.0,<entities.dtn.DTN object at 0x0000010D3F4FF280>,<entities.processor.Processor object at 0x0000010D3F522AF0>
199.5473550001328,0.003930000000792688,72332.0,<entities.dtn.DTN object at 0x0000010D3F4FF280>,<entities.processor.Processor object at 0x0000010D3F522AF0>
199.54741500013282,0.003960000000802211,72332.0,<entities.dtn.DTN object at 0x0000010D3F4FF280>,<entities.processor.Processor object at 0x0000010D3F522AF0>
199.54747500013283,0.003990000000811733,72332.0,<entities.dtn.DTN object at 0x0000010D3F4FF280>,<entities.processor.Processor object at 0x0000010D3F522AF0>
199.54753500013285,0.0040200000008212555,72332.0,<entities.dtn.DTN object at 0x0000010D3F4FF280>,<entities.processor.Processor object at 0x0000010D3F522AF0>
199.54759500013287,0.004050000000830778,72332.0,<entities.dtn.DTN object at 0x0000010D3F4FF280>,<entities.processor.Processor object at 0x0000010D3F522AF0>
199.5476550001329,0.0040800000008403,72332.0,<entities.dtn.DTN object at 0x0000010D3F4FF280>,<entities.processor.Processor object at 0x0000010D3F522AF0>
199.5477150001329,0.004110000000849823,72332.0,<entities.dtn.DTN object at 0x0000010D3F4FF280>,<entities.processor.Processor object at 0x0000010D3F522AF0>
199.54777500013293,0.004140000000859345,72332.0,<entities.dtn.DTN object at 0x0000010D3F4FF280>,<entities.processor.Processor object at 0x0000010D3F522AF0>
199.54783500013295,0.004170000000868868,72332.0,<entities.dtn.DTN object at 0x0000010D3F4FF280>,<entities.processor.Processor object at 0x0000010D3F522AF0>
199.54789500013297,0.00420000000087839,72332.0,<entities.dtn.DTN object at 0x0000010D3F4FF280>,<entities.processor.Processor object at 0x0000010D3F522AF0>
199.547955000133,0.004230000000887912,72332.0,<entities.dtn.DTN object at 0x0000010D3F4FF280>,<entities.processor.Processor object at 0x0000010D3F522AF0>
199.548015000133,0.004260000000897435,72332.0,<entities.dtn.DTN object at 0x0000010D3F4FF280>,<entities.processor.Processor object at 0x0000010D3F522AF0>
199.54807500013303,0.004290000000906957,72332.0,<entities.dtn.DTN object at 0x0000010D3F4FF280>,<entities.processor.Processor object at 0x0000010D3F522AF0>
199.54813500013304,0.00432000000091648,72332.0,<entities.dtn.DTN object at 0x0000010D3F4FF280>,<entities.processor.Processor object at 0x0000010D3F522AF0>
199.54819500013306,0.004350000000926002,72332.0,<entities.dtn.DTN object at 0x0000010D3F4FF280>,<entities.processor.Processor object at 0x0000010D3F522AF0>
199.5530550001337,0.00678000000124257,72332.0,<entities.dtn.DTN object at 0x0000010D3F4FF280>,<entities.processor.Processor object at 0x0000010D3F522AF0>
199.5530850001337,0.00678000000124257,72332.0,<entities.dtn.DTN object at 0x0000010D3F4FF280>,<entities.processor.Processor object at 0x0000010D3F522AF0>
199.55311500013372,0.00678000000124257,72332.0,<entities.dtn.DTN object at 0x0000010D3F4FF280>,<entities.processor.Processor object at 0x0000010D3F522AF0>
199.55314500013372,0.00678000000124257,72332.0,<entities.dtn.DTN object at 0x0000010D3F4FF280>,<entities.processor.Processor object at 0x0000010D3F522AF0>
199.55317500013373,0.00678000000124257,72332.0,<entities.dtn.DTN object at 0x0000010D3F4FF280>,<entities.processor.Processor object at 0x0000010D3F522AF0>
199.55320500013374,0.00678000000124257,72332.0,<entities.dtn.DTN object at 0x0000010D3F4FF280>,<entities.processor.Processor object at 0x0000010D3F522AF0>
199.55323500013375,0.00678000000124257,72332.0,<entities.dtn.DTN object at 0x0000010D3F4FF280>,<entities.processor.Processor object at 0x0000010D3F522AF0>
199.55326500013376,0.00678000000124257,72332.0,<entities.dtn.DTN object at 0x0000010D3F4FF280>,<entities.processor.Processor object at 0x0000010D3F522AF0>
199.55329500013377,0.00678000000124257,72332.0,<entities.dtn.DTN object at 0x0000010D3F4FF280>,<entities.processor.Processor object at 0x0000010D3F522AF0>
199.55332500013378,0.00678000000124257,72332.0,<entities.dtn.DTN object at 0x0000010D3F4FF280>,<entities.processor.Processor object at 0x0000010D3F522AF0>
199.5533550001338,0.00678000000124257,72332.0,<entities.dtn.DTN object at 0x0000010D3F4FF280>,<entities.processor.Processor object at 0x0000010D3F522AF0>
199.5533850001338,0.00678000000124257,72332.0,<entities.dtn.DTN object at 0x0000010D3F4FF280>,<entities.processor.Processor object at 0x0000010D3F522AF0>
199.5534150001338,0.00678000000124257,72332.0,<entities.dtn.DTN object at 0x0000010D3F4FF280>,<entities.processor.Processor object at 0x0000010D3F522AF0>
199.55344500013382,0.00678000000124257,72332.0,<entities.dtn.DTN object at 0x0000010D3F4FF280>,<entities.processor.Processor object at 0x0000010D3F522AF0>
199.55347500013383,0.00678000000124257,72332.0,<entities.dtn.DTN object at 0x0000010D3F4FF280>,<entities.processor.Processor object at 0x0000010D3F522AF0>
199.55350500013384,0.00678000000124257,72332.0,<entities.dtn.DTN object at 0x0000010D3F4FF280>,<entities.processor.Processor object at 0x0000010D3F522AF0>
199.55353500013385,0.00678000000124257,72332.0,<entities.dtn.DTN object at 0x0000010D3F4FF280>,<entities.processor.Processor object at 0x0000010D3F522AF0>
199.55356500013386,0.00678000000124257,72332.0,<entities.dtn.DTN object at 0x0000010D3F4FF280>,<entities.processor.Processor object at 0x0000010D3F522AF0>
199.55359500013387,0.00678000000124257,72332.0,<entities.dtn.DTN object at 0x0000010D3F4FF280>,<entities.processor.Processor object at 0x0000010D3F522AF0>
199.55362500013388,0.00678000000124257,72332.0,<entities.dtn.DTN object at 0x0000010D3F4FF280>,<entities.processor.Processor object at 0x0000010D3F522AF0>
199.5536550001339,0.00678000000124257,72332.0,<entities.dtn.DTN object at 0x0000010D3F4FF280>,<entities.processor.Processor object at 0x0000010D3F522AF0>
199.5536850001339,0.00678000000124257,72332.0,<entities.dtn.DTN object at 0x0000010D3F4FF280>,<entities.processor.Processor object at 0x0000010D3F522AF0>
199.5537150001339,0.00678000000124257,72332.0,<entities.dtn.DTN object at 0x0000010D3F4FF280>,<entities.processor.Processor object at 0x0000010D3F522AF0>
199.55374500013392,0.00678000000124257,72332.0,<entities.dtn.DTN object at 0x0000010D3F4FF280>,<entities.processor.Processor object at 0x0000010D3F522AF0>
199.55377500013392,0.00678000000124257,72332.0,<entities.dtn.DTN object at 0x0000010D3F4FF280>,<entities.processor.Processor object at 0x0000010D3F522AF0>
199.55380500013393,0.00678000000124257,72332.0,<entities.dtn.DTN object at 0x0000010D3F4FF280>,<entities.processor.Processor object at 0x0000010D3F522AF0>
199.55383500013394,0.00678000000124257,72332.0,<entities.dtn.DTN object at 0x0000010D3F4FF280>,<entities.processor.Processor object at 0x0000010D3F522AF0>
199.55386500013395,0.00678000000124257,72332.0,<entities.dtn.DTN object at 0x0000010D3F4FF280>,<entities.processor.Processor object at 0x0000010D3F522AF0>
199.55389500013396,0.00678000000124257,72332.0,<entities.dtn.DTN object at 0x0000010D3F4FF280>,<entities.processor.Processor object at 0x0000010D3F522AF0>
199.55392500013397,0.00678000000124257,72332.0,<entities.dtn.DTN object at 0x0000010D3F4FF280>,<entities.processor.Processor object at 0x0000010D3F522AF0>
199.55395500013398,0.00678000000124257,72332.0,<entities.dtn.DTN object at 0x0000010D3F4FF280>,<entities.processor.Processor object at 0x0000010D3F522AF0>
199.553985000134,0.00678000000124257,72332.0,<entities.dtn.DTN object at 0x0000010D3F4FF280>,<entities.processor.Processor object at 0x0000010D3F522AF0>
199.554015000134,0.00678000000124257,72332.0,<entities.dtn.DTN object at 0x0000010D3F4FF280>,<entities.processor.Processor object at 0x0000010D3F522AF0>
199.554045000134,0.00678000000124257,72332.0,<entities.dtn.DTN object at 0x0000010D3F4FF280>,<entities.processor.Processor object at 0x0000010D3F522AF0>
199.55407500013402,0.00678000000124257,72332.0,<entities.dtn.DTN object at 0x0000010D3F4FF280>,<entities.processor.Processor object at 0x0000010D3F522AF0>
199.55410500013403,0.00678000000124257,72332.0,<entities.dtn.DTN object at 0x0000010D3F4FF280>,<entities.processor.Processor object at 0x0000010D3F522AF0>
199.55413500013404,0.00678000000124257,72332.0,<entities.dtn.DTN object at 0x0000010D3F4FF280>,<entities.processor.Processor object at 0x0000010D3F522AF0>
199.55416500013405,0.00678000000124257,72332.0,<entities.dtn.DTN object at 0x0000010D3F4FF280>,<entities.processor.Processor object at 0x0000010D3F522AF0>
199.55419500013406,0.00678000000124257,72332.0,<entities.dtn.DTN object at 0x0000010D3F4FF280>,<entities.processor.Processor object at 0x0000010D3F522AF0>
199.55422500013407,0.00678000000124257,72332.0,<entities.dtn.DTN object at 0x0000010D3F4FF280>,<entities.processor.Processor object at 0x0000010D3F522AF0>
199.55425500013408,0.00678000000124257,72332.0,<entities.dtn.DTN object at 0x0000010D3F4FF280>,<entities.processor.Processor object at 0x0000010D3F522AF0>
199.5542850001341,0.00678000000124257,72332.0,<entities.dtn.DTN object at 0x0000010D3F4FF280>,<entities.processor.Processor object at 0x0000010D3F522AF0>
199.5543150001341,0.00678000000124257,72332.0,<entities.dtn.DTN object at 0x0000010D3F4FF280>,<entities.processor.Processor object at 0x0000010D3F522AF0>
199.5543450001341,0.00678000000124257,72332.0,<entities.dtn.DTN object at 0x0000010D3F4FF280>,<entities.processor.Processor object at 0x0000010D3F522AF0>
199.55437500013412,0.00678000000124257,72332.0,<entities.dtn.DTN object at 0x0000010D3F4FF280>,<entities.processor.Processor object at 0x0000010D3F522AF0>
199.55440500013412,0.00678000000124257,72332.0,<entities.dtn.DTN object at 0x0000010D3F4FF280>,<entities.processor.Processor object at 0x0000010D3F522AF0>
199.55443500013413,0.00678000000124257,72332.0,<entities.dtn.DTN object at 0x0000010D3F4FF280>,<entities.processor.Processor object at 0x0000010D3F522AF0>
199.55446500013414,0.00678000000124257,72332.0,<entities.dtn.DTN object at 0x0000010D3F4FF280>,<entities.processor.Processor object at 0x0000010D3F522AF0>
199.55449500013415,0.00678000000124257,72332.0,<entities.dtn.DTN object at 0x0000010D3F4FF280>,<entities.processor.Processor object at 0x0000010D3F522AF0>
199.55452500013416,0.00678000000124257,72332.0,<entities.dtn.DTN object at 0x0000010D3F4FF280>,<entities.processor.Processor object at 0x0000010D3F522AF0>
199.55455500013417,0.00678000000124257,72332.0,<entities.dtn.DTN object at 0x0000010D3F4FF280>,<entities.processor.Processor object at 0x0000010D3F522AF0>
199.55458500013418,0.00678000000124257,72332.0,<entities.dtn.DTN object at 0x0000010D3F4FF280>,<entities.processor.Processor object at 0x0000010D3F522AF0>
199.5546150001342,0.00678000000124257,72332.0,<entities.dtn.DTN object at 0x0000010D3F4FF280>,<entities.processor.Processor object at 0x0000010D3F522AF0>
199.5546450001342,0.00678000000124257,72332.0,<entities.dtn.DTN object at 0x0000010D3F4FF280>,<entities.processor.Processor object at 0x0000010D3F522AF0>
199.5546750001342,0.00678000000124257,72332.0,<entities.dtn.DTN object at 0x0000010D3F4FF280>,<entities.processor.Processor object at 0x0000010D3F522AF0>
199.55470500013422,0.00678000000124257,72332.0,<entities.dtn.DTN object at 0x0000010D3F4FF280>,<entities.processor.Processor object at 0x0000010D3F522AF0>
199.55473500013423,0.00678000000124257,72332.0,<entities.dtn.DTN object at 0x0000010D3F4FF280>,<entities.processor.Processor object at 0x0000010D3F522AF0>
199.55476500013424,0.00678000000124257,72332.0,<entities.dtn.DTN object at 0x0000010D3F4FF280>,<entities.processor.Processor object at 0x0000010D3F522AF0>
199.55479500013425,0.00678000000124257,72332.0,<entities.dtn.DTN object at 0x0000010D3F4FF280>,<entities.processor.Processor object at 0x0000010D3F522AF0>
199.55482500013426,0.00678000000124257,72332.0,<entities.dtn.DTN object at 0x0000010D3F4FF280>,<entities.processor.Processor object at 0x0000010D3F522AF0>
199.55485500013427,0.00678000000124257,72332.0,<entities.dtn.DTN object at 0x0000010D3F4FF280>,<entities.processor.Processor object at 0x0000010D3F522AF0>
199.55488500013428,0.00678000000124257,72332.0,<entities.dtn.DTN object at 0x0000010D3F4FF280>,<entities.processor.Processor object at 0x0000010D3F522AF0>
199.5549150001343,0.00678000000124257,72332.0,<entities.dtn.DTN object at 0x0000010D3F4FF280>,<entities.processor.Processor object at 0x0000010D3F522AF0>
199.5549450001343,0.00678000000124257,72332.0,<entities.dtn.DTN object at 0x0000010D3F4FF280>,<entities.processor.Processor object at 0x0000010D3F522AF0>
199.55988000013494,0.006885000001261687,72332.0,<entities.dtn.DTN object at 0x0000010D3F4FF280>,<entities.processor.Processor object at 0x0000010D3F522AF0>
199.55991000013495,0.006885000001261687,72332.0,<entities.dtn.DTN object at 0x0000010D3F4FF280>,<entities.processor.Processor object at 0x0000010D3F522AF0>
199.55994000013496,0.006885000001261687,72332.0,<entities.dtn.DTN object at 0x0000010D3F4FF280>,<entities.processor.Processor object at 0x0000010D3F522AF0>
199.55997000013497,0.006885000001261687,72332.0,<entities.dtn.DTN object at 0x0000010D3F4FF280>,<entities.processor.Processor object at 0x0000010D3F522AF0>
199.56000000013498,0.006885000001261687,72332.0,<entities.dtn.DTN object at 0x0000010D3F4FF280>,<entities.processor.Processor object at 0x0000010D3F522AF0>
199.560030000135,0.006885000001261687,72332.0,<entities.dtn.DTN object at 0x0000010D3F4FF280>,<entities.processor.Processor object at 0x0000010D3F522AF0>
199.560060000135,0.006885000001261687,72332.0,<entities.dtn.DTN object at 0x0000010D3F4FF280>,<entities.processor.Processor object at 0x0000010D3F522AF0>
199.560090000135,0.006885000001261687,72332.0,<entities.dtn.DTN object at 0x0000010D3F4FF280>,<entities.processor.Processor object at 0x0000010D3F522AF0>
199.56012000013502,0.006885000001261687,72332.0,<entities.dtn.DTN object at 0x0000010D3F4FF280>,<entities.processor.Processor object at 0x0000010D3F522AF0>
199.56015000013502,0.006885000001261687,72332.0,<entities.dtn.DTN object at 0x0000010D3F4FF280>,<entities.processor.Processor object at 0x0000010D3F522AF0>
199.56018000013503,0.006885000001261687,72332.0,<entities.dtn.DTN object at 0x0000010D3F4FF280>,<entities.processor.Processor object at 0x0000010D3F522AF0>
199.56021000013504,0.006885000001261687,72332.0,<entities.dtn.DTN object at 0x0000010D3F4FF280>,<entities.processor.Processor object at 0x0000010D3F522AF0>
199.56024000013505,0.006885000001261687,72332.0,<entities.dtn.DTN object at 0x0000010D3F4FF280>,<entities.processor.Processor object at 0x0000010D3F522AF0>
199.56027000013506,0.006885000001261687,72332.0,<entities.dtn.DTN object at 0x0000010D3F4FF280>,<entities.processor.Processor object at 0x0000010D3F522AF0>
199.56030000013507,0.006885000001261687,72332.0,<entities.dtn.DTN object at 0x0000010D3F4FF280>,<entities.processor.Processor object at 0x0000010D3F522AF0>
199.56033000013508,0.006885000001261687,72332.0,<entities.dtn.DTN object at 0x0000010D3F4FF280>,<entities.processor.Processor object at 0x0000010D3F522AF0>
199.5603600001351,0.006885000001261687,72332.0,<entities.dtn.DTN object at 0x0000010D3F4FF280>,<entities.processor.Processor object at 0x0000010D3F522AF0>
199.5603900001351,0.006885000001261687,72332.0,<entities.dtn.DTN object at 0x0000010D3F4FF280>,<entities.processor.Processor object at 0x0000010D3F522AF0>
199.5604200001351,0.006885000001261687,72332.0,<entities.dtn.DTN object at 0x0000010D3F4FF280>,<entities.processor.Processor object at 0x0000010D3F522AF0>
199.56045000013512,0.006885000001261687,72332.0,<entities.dtn.DTN object at 0x0000010D3F4FF280>,<entities.processor.Processor object at 0x0000010D3F522AF0>
199.56048000013513,0.006885000001261687,72332.0,<entities.dtn.DTN object at 0x0000010D3F4FF280>,<entities.processor.Processor object at 0x0000010D3F522AF0>
199.56051000013514,0.006885000001261687,72332.0,<entities.dtn.DTN object at 0x0000010D3F4FF280>,<entities.processor.Processor object at 0x0000010D3F522AF0>
199.56054000013515,0.006885000001261687,72332.0,<entities.dtn.DTN object at 0x0000010D3F4FF280>,<entities.processor.Processor object at 0x0000010D3F522AF0>
199.56057000013516,0.006885000001261687,72332.0,<entities.dtn.DTN object at 0x0000010D3F4FF280>,<entities.processor.Processor object at 0x0000010D3F522AF0>
199.56060000013517,0.006885000001261687,72332.0,<entities.dtn.DTN object at 0x0000010D3F4FF280>,<entities.processor.Processor object at 0x0000010D3F522AF0>
199.56063000013518,0.006885000001261687,72332.0,<entities.dtn.DTN object at 0x0000010D3F4FF280>,<entities.processor.Processor object at 0x0000010D3F522AF0>
199.5606600001352,0.006885000001261687,72332.0,<entities.dtn.DTN object at 0x0000010D3F4FF280>,<entities.processor.Processor object at 0x0000010D3F522AF0>
199.5606900001352,0.006885000001261687,72332.0,<entities.dtn.DTN object at 0x0000010D3F4FF280>,<entities.processor.Processor object at 0x0000010D3F522AF0>
199.5607200001352,0.006885000001261687,72332.0,<entities.dtn.DTN object at 0x0000010D3F4FF280>,<entities.processor.Processor object at 0x0000010D3F522AF0>
199.56075000013522,0.006885000001261687,72332.0,<entities.dtn.DTN object at 0x0000010D3F4FF280>,<entities.processor.Processor object at 0x0000010D3F522AF0>
199.56078000013522,0.006885000001261687,72332.0,<entities.dtn.DTN object at 0x0000010D3F4FF280>,<entities.processor.Processor object at 0x0000010D3F522AF0>
199.56081000013523,0.006885000001261687,72332.0,<entities.dtn.DTN object at 0x0000010D3F4FF280>,<entities.processor.Processor object at 0x0000010D3F522AF0>
199.56084000013524,0.006885000001261687,72332.0,<entities.dtn.DTN object at 0x0000010D3F4FF280>,<entities.processor.Processor object at 0x0000010D3F522AF0>
199.56087000013525,0.006885000001261687,72332.0,<entities.dtn.DTN object at 0x0000010D3F4FF280>,<entities.processor.Processor object at 0x0000010D3F522AF0>
199.56090000013526,0.006885000001261687,72332.0,<entities.dtn.DTN object at 0x0000010D3F4FF280>,<entities.processor.Processor object at 0x0000010D3F522AF0>
199.56093000013527,0.006885000001261687,72332.0,<entities.dtn.DTN object at 0x0000010D3F4FF280>,<entities.processor.Processor object at 0x0000010D3F522AF0>
199.56096000013528,0.006885000001261687,72332.0,<entities.dtn.DTN object at 0x0000010D3F4FF280>,<entities.processor.Processor object at 0x0000010D3F522AF0>
199.5609900001353,0.006885000001261687,72332.0,<entities.dtn.DTN object at 0x0000010D3F4FF280>,<entities.processor.Processor object at 0x0000010D3F522AF0>
199.5610200001353,0.006885000001261687,72332.0,<entities.dtn.DTN object at 0x0000010D3F4FF280>,<entities.processor.Processor object at 0x0000010D3F522AF0>
199.5610500001353,0.006885000001261687,72332.0,<entities.dtn.DTN object at 0x0000010D3F4FF280>,<entities.processor.Processor object at 0x0000010D3F522AF0>
199.56108000013532,0.006885000001261687,72332.0,<entities.dtn.DTN object at 0x0000010D3F4FF280>,<entities.processor.Processor object at 0x0000010D3F522AF0>
199.56111000013533,0.006885000001261687,72332.0,<entities.dtn.DTN object at 0x0000010D3F4FF280>,<entities.processor.Processor object at 0x0000010D3F522AF0>
199.56114000013534,0.006885000001261687,72332.0,<entities.dtn.DTN object at 0x0000010D3F4FF280>,<entities.processor.Processor object at 0x0000010D3F522AF0>
199.56117000013535,0.006885000001261687,72332.0,<entities.dtn.DTN object at 0x0000010D3F4FF280>,<entities.processor.Processor object at 0x0000010D3F522AF0>
199.56120000013536,0.006885000001261687,72332.0,<entities.dtn.DTN object at 0x0000010D3F4FF280>,<entities.processor.Processor object at 0x0000010D3F522AF0>
199.56123000013537,0.006885000001261687,72332.0,<entities.dtn.DTN object at 0x0000010D3F4FF280>,<entities.processor.Processor object at 0x0000010D3F522AF0>
199.56126000013538,0.006885000001261687,72332.0,<entities.dtn.DTN object at 0x0000010D3F4FF280>,<entities.processor.Processor object at 0x0000010D3F522AF0>
199.5612900001354,0.006885000001261687,72332.0,<entities.dtn.DTN object at 0x0000010D3F4FF280>,<entities.processor.Processor object at 0x0000010D3F522AF0>
199.5613200001354,0.006885000001261687,72332.0,<entities.dtn.DTN object at 0x0000010D3F4FF280>,<entities.processor.Processor object at 0x0000010D3F522AF0>
199.5613500001354,0.006885000001261687,72332.0,<entities.dtn.DTN object at 0x0000010D3F4FF280>,<entities.processor.Processor object at 0x0000010D3F522AF0>
199.56138000013542,0.006885000001261687,72332.0,<entities.dtn.DTN object at 0x0000010D3F4FF280>,<entities.processor.Processor object at 0x0000010D3F522AF0>
199.56141000013542,0.006885000001261687,72332.0,<entities.dtn.DTN object at 0x0000010D3F4FF280>,<entities.processor.Processor object at 0x0000010D3F522AF0>
199.56144000013543,0.006885000001261687,72332.0,<entities.dtn.DTN object at 0x0000010D3F4FF280>,<entities.processor.Processor object at 0x0000010D3F522AF0>
199.56147000013544,0.006885000001261687,72332.0,<entities.dtn.DTN object at 0x0000010D3F4FF280>,<entities.processor.Processor object at 0x0000010D3F522AF0>
199.56150000013545,0.006885000001261687,72332.0,<entities.dtn.DTN object at 0x0000010D3F4FF280>,<entities.processor.Processor object at 0x0000010D3F522AF0>
199.56153000013546,0.006885000001261687,72332.0,<entities.dtn.DTN object at 0x0000010D3F4FF280>,<entities.processor.Processor object at 0x0000010D3F522AF0>
199.56156000013547,0.006885000001261687,72332.0,<entities.dtn.DTN object at 0x0000010D3F4FF280>,<entities.processor.Processor object at 0x0000010D3F522AF0>
199.56159000013548,0.006885000001261687,72332.0,<entities.dtn.DTN object at 0x0000010D3F4FF280>,<entities.processor.Processor object at 0x0000010D3F522AF0>
199.5616200001355,0.006885000001261687,72332.0,<entities.dtn.DTN object at 0x0000010D3F4FF280>,<entities.processor.Processor object at 0x0000010D3F522AF0>
199.5616500001355,0.006885000001261687,72332.0,<entities.dtn.DTN object at 0x0000010D3F4FF280>,<entities.processor.Processor object at 0x0000010D3F522AF0>
199.5616800001355,0.006885000001261687,72332.0,<entities.dtn.DTN object at 0x0000010D3F4FF280>,<entities.processor.Processor object at 0x0000010D3F522AF0>
199.56171000013552,0.006885000001261687,72332.0,<entities.dtn.DTN object at 0x0000010D3F4FF280>,<entities.processor.Processor object at 0x0000010D3F522AF0>
199.56174000013553,0.006885000001261687,72332.0,<entities.dtn.DTN object at 0x0000010D3F4FF280>,<entities.processor.Processor object at 0x0000010D3F522AF0>
199.56177000013554,0.006885000001261687,72332.0,<entities.dtn.DTN object at 0x0000010D3F4FF280>,<entities.processor.Processor object at 0x0000010D3F522AF0>
199.56180000013555,0.006885000001261687,72332.0,<entities.dtn.DTN object at 0x0000010D3F4FF280>,<entities.processor.Processor object at 0x0000010D3F522AF0>
199.5668100001362,0.006990000001280805,72332.0,<entities.dtn.DTN object at 0x0000010D3F4FF280>,<entities.processor.Processor object at 0x0000010D3F522AF0>
199.5668400001362,0.006990000001280805,72332.0,<entities.dtn.DTN object at 0x0000010D3F4FF280>,<entities.processor.Processor object at 0x0000010D3F522AF0>
199.56687000013622,0.006990000001280805,72332.0,<entities.dtn.DTN object at 0x0000010D3F4FF280>,<entities.processor.Processor object at 0x0000010D3F522AF0>
199.56690000013623,0.006990000001280805,72332.0,<entities.dtn.DTN object at 0x0000010D3F4FF280>,<entities.processor.Processor object at 0x0000010D3F522AF0>
199.56693000013624,0.006990000001280805,72332.0,<entities.dtn.DTN object at 0x0000010D3F4FF280>,<entities.processor.Processor object at 0x0000010D3F522AF0>
199.56696000013625,0.006990000001280805,72332.0,<entities.dtn.DTN object at 0x0000010D3F4FF280>,<entities.processor.Processor object at 0x0000010D3F522AF0>
199.56699000013626,0.006990000001280805,72332.0,<entities.dtn.DTN object at 0x0000010D3F4FF280>,<entities.processor.Processor object at 0x0000010D3F522AF0>
199.56702000013627,0.006990000001280805,72332.0,<entities.dtn.DTN object at 0x0000010D3F4FF280>,<entities.processor.Processor object at 0x0000010D3F522AF0>
199.56705000013628,0.006990000001280805,72332.0,<entities.dtn.DTN object at 0x0000010D3F4FF280>,<entities.processor.Processor object at 0x0000010D3F522AF0>
199.5670800001363,0.006990000001280805,72332.0,<entities.dtn.DTN object at 0x0000010D3F4FF280>,<entities.processor.Processor object at 0x0000010D3F522AF0>
199.5671100001363,0.006990000001280805,72332.0,<entities.dtn.DTN object at 0x0000010D3F4FF280>,<entities.processor.Processor object at 0x0000010D3F522AF0>
199.5671400001363,0.006990000001280805,72332.0,<entities.dtn.DTN object at 0x0000010D3F4FF280>,<entities.processor.Processor object at 0x0000010D3F522AF0>
199.56717000013631,0.006990000001280805,72332.0,<entities.dtn.DTN object at 0x0000010D3F4FF280>,<entities.processor.Processor object at 0x0000010D3F522AF0>
199.56720000013632,0.006990000001280805,72332.0,<entities.dtn.DTN object at 0x0000010D3F4FF280>,<entities.processor.Processor object at 0x0000010D3F522AF0>
199.56723000013633,0.006990000001280805,72332.0,<entities.dtn.DTN object at 0x0000010D3F4FF280>,<entities.processor.Processor object at 0x0000010D3F522AF0>
199.56726000013634,0.006990000001280805,72332.0,<entities.dtn.DTN object at 0x0000010D3F4FF280>,<entities.processor.Processor object at 0x0000010D3F522AF0>
199.56729000013635,0.006990000001280805,72332.0,<entities.dtn.DTN object at 0x0000010D3F4FF280>,<entities.processor.Processor object at 0x0000010D3F522AF0>
199.56732000013636,0.006990000001280805,72332.0,<entities.dtn.DTN object at 0x0000010D3F4FF280>,<entities.processor.Processor object at 0x0000010D3F522AF0>
199.56735000013637,0.006990000001280805,72332.0,<entities.dtn.DTN object at 0x0000010D3F4FF280>,<entities.processor.Processor object at 0x0000010D3F522AF0>
199.56738000013638,0.006990000001280805,72332.0,<entities.dtn.DTN object at 0x0000010D3F4FF280>,<entities.processor.Processor object at 0x0000010D3F522AF0>
199.5674100001364,0.006990000001280805,72332.0,<entities.dtn.DTN object at 0x0000010D3F4FF280>,<entities.processor.Processor object at 0x0000010D3F522AF0>
199.5674400001364,0.006990000001280805,72332.0,<entities.dtn.DTN object at 0x0000010D3F4FF280>,<entities.processor.Processor object at 0x0000010D3F522AF0>
199.5674700001364,0.006990000001280805,72332.0,<entities.dtn.DTN object at 0x0000010D3F4FF280>,<entities.processor.Processor object at 0x0000010D3F522AF0>
199.56750000013642,0.006990000001280805,72332.0,<entities.dtn.DTN object at 0x0000010D3F4FF280>,<entities.processor.Processor object at 0x0000010D3F522AF0>
199.56753000013643,0.006990000001280805,72332.0,<entities.dtn.DTN object at 0x0000010D3F4FF280>,<entities.processor.Processor object at 0x0000010D3F522AF0>
199.56756000013644,0.006990000001280805,72332.0,<entities.dtn.DTN object at 0x0000010D3F4FF280>,<entities.processor.Processor object at 0x0000010D3F522AF0>
199.56759000013645,0.006990000001280805,72332.0,<entities.dtn.DTN object at 0x0000010D3F4FF280>,<entities.processor.Processor object at 0x0000010D3F522AF0>
199.56762000013646,0.006990000001280805,72332.0,<entities.dtn.DTN object at 0x0000010D3F4FF280>,<entities.processor.Processor object at 0x0000010D3F522AF0>
199.56765000013647,0.006990000001280805,72332.0,<entities.dtn.DTN object at 0x0000010D3F4FF280>,<entities.processor.Processor object at 0x0000010D3F522AF0>
199.56768000013648,0.006990000001280805,72332.0,<entities.dtn.DTN object at 0x0000010D3F4FF280>,<entities.processor.Processor object at 0x0000010D3F522AF0>
199.5677100001365,0.006990000001280805,72332.0,<entities.dtn.DTN object at 0x0000010D3F4FF280>,<entities.processor.Processor object at 0x0000010D3F522AF0>
199.5677400001365,0.006990000001280805,72332.0,<entities.dtn.DTN object at 0x0000010D3F4FF280>,<entities.processor.Processor object at 0x0000010D3F522AF0>
199.5677700001365,0.006990000001280805,72332.0,<entities.dtn.DTN object at 0x0000010D3F4FF280>,<entities.processor.Processor object at 0x0000010D3F522AF0>
199.56780000013651,0.006990000001280805,72332.0,<entities.dtn.DTN object at 0x0000010D3F4FF280>,<entities.processor.Processor object at 0x0000010D3F522AF0>
199.56783000013652,0.006990000001280805,72332.0,<entities.dtn.DTN object at 0x0000010D3F4FF280>,<entities.processor.Processor object at 0x0000010D3F522AF0>
199.56786000013653,0.006990000001280805,72332.0,<entities.dtn.DTN object at 0x0000010D3F4FF280>,<entities.processor.Processor object at 0x0000010D3F522AF0>
199.56789000013654,0.006990000001280805,72332.0,<entities.dtn.DTN object at 0x0000010D3F4FF280>,<entities.processor.Processor object at 0x0000010D3F522AF0>
199.56792000013655,0.006990000001280805,72332.0,<entities.dtn.DTN object at 0x0000010D3F4FF280>,<entities.processor.Processor object at 0x0000010D3F522AF0>
199.56795000013656,0.006990000001280805,72332.0,<entities.dtn.DTN object at 0x0000010D3F4FF280>,<entities.processor.Processor object at 0x0000010D3F522AF0>
199.56798000013657,0.006990000001280805,72332.0,<entities.dtn.DTN object at 0x0000010D3F4FF280>,<entities.processor.Processor object at 0x0000010D3F522AF0>
199.56801000013658,0.006990000001280805,72332.0,<entities.dtn.DTN object at 0x0000010D3F4FF280>,<entities.processor.Processor object at 0x0000010D3F522AF0>
199.5680400001366,0.006990000001280805,72332.0,<entities.dtn.DTN object at 0x0000010D3F4FF280>,<entities.processor.Processor object at 0x0000010D3F522AF0>
199.5680700001366,0.006990000001280805,72332.0,<entities.dtn.DTN object at 0x0000010D3F4FF280>,<entities.processor.Processor object at 0x0000010D3F522AF0>
199.5681000001366,0.006990000001280805,72332.0,<entities.dtn.DTN object at 0x0000010D3F4FF280>,<entities.processor.Processor object at 0x0000010D3F522AF0>
199.56813000013662,0.006990000001280805,72332.0,<entities.dtn.DTN object at 0x0000010D3F4FF280>,<entities.processor.Processor object at 0x0000010D3F522AF0>
199.56816000013663,0.006990000001280805,72332.0,<entities.dtn.DTN object at 0x0000010D3F4FF280>,<entities.processor.Processor object at 0x0000010D3F522AF0>
199.56819000013664,0.006990000001280805,72332.0,<entities.dtn.DTN object at 0x0000010D3F4FF280>,<entities.processor.Processor object at 0x0000010D3F522AF0>
199.56822000013665,0.006990000001280805,72332.0,<entities.dtn.DTN object at 0x0000010D3F4FF280>,<entities.processor.Processor object at 0x0000010D3F522AF0>
199.56825000013666,0.006990000001280805,72332.0,<entities.dtn.DTN object at 0x0000010D3F4FF280>,<entities.processor.Processor object at 0x0000010D3F522AF0>
199.56828000013667,0.006990000001280805,72332.0,<entities.dtn.DTN object at 0x0000010D3F4FF280>,<entities.processor.Processor object at 0x0000010D3F522AF0>
199.56831000013668,0.006990000001280805,72332.0,<entities.dtn.DTN object at 0x0000010D3F4FF280>,<entities.processor.Processor object at 0x0000010D3F522AF0>
199.5683400001367,0.006990000001280805,72332.0,<entities.dtn.DTN object at 0x0000010D3F4FF280>,<entities.processor.Processor object at 0x0000010D3F522AF0>
199.5683700001367,0.006990000001280805,72332.0,<entities.dtn.DTN object at 0x0000010D3F4FF280>,<entities.processor.Processor object at 0x0000010D3F522AF0>
199.5684000001367,0.006990000001280805,72332.0,<entities.dtn.DTN object at 0x0000010D3F4FF280>,<entities.processor.Processor object at 0x0000010D3F522AF0>
199.56843000013671,0.006990000001280805,72332.0,<entities.dtn.DTN object at 0x0000010D3F4FF280>,<entities.processor.Processor object at 0x0000010D3F522AF0>
199.56846000013672,0.006990000001280805,72332.0,<entities.dtn.DTN object at 0x0000010D3F4FF280>,<entities.processor.Processor object at 0x0000010D3F522AF0>
199.56849000013673,0.006990000001280805,72332.0,<entities.dtn.DTN object at 0x0000010D3F4FF280>,<entities.processor.Processor object at 0x0000010D3F522AF0>
199.56852000013674,0.006990000001280805,72332.0,<entities.dtn.DTN object at 0x0000010D3F4FF280>,<entities.processor.Processor object at 0x0000010D3F522AF0>
199.56855000013675,0.006990000001280805,72332.0,<entities.dtn.DTN object at 0x0000010D3F4FF280>,<entities.processor.Processor object at 0x0000010D3F522AF0>
199.56858000013676,0.006990000001280805,72332.0,<entities.dtn.DTN object at 0x0000010D3F4FF280>,<entities.processor.Processor object at 0x0000010D3F522AF0>
199.56861000013677,0.006990000001280805,72332.0,<entities.dtn.DTN object at 0x0000010D3F4FF280>,<entities.processor.Processor object at 0x0000010D3F522AF0>
199.56864000013678,0.006990000001280805,72332.0,<entities.dtn.DTN object at 0x0000010D3F4FF280>,<entities.processor.Processor object at 0x0000010D3F522AF0>
199.5686700001368,0.006990000001280805,72332.0,<entities.dtn.DTN object at 0x0000010D3F4FF280>,<entities.processor.Processor object at 0x0000010D3F522AF0>
199.5687000001368,0.006990000001280805,72332.0,<entities.dtn.DTN object at 0x0000010D3F4FF280>,<entities.processor.Processor object at 0x0000010D3F522AF0>
199.5687300001368,0.006990000001280805,72332.0,<entities.dtn.DTN object at 0x0000010D3F4FF280>,<entities.processor.Processor object at 0x0000010D3F522AF0>
199.56876000013682,0.006990000001280805,72332.0,<entities.dtn.DTN object at 0x0000010D3F4FF280>,<entities.processor.Processor object at 0x0000010D3F522AF0>
199.57381500013747,0.0070650000012904,72332.0,<entities.dtn.DTN object at 0x0000010D3F4FF280>,<entities.processor.Processor object at 0x0000010D3F522AF0>
199.5738750001375,0.007095000001299923,72332.0,<entities.dtn.DTN object at 0x0000010D3F4FF280>,<entities.processor.Processor object at 0x0000010D3F522AF0>
199.5739050001375,0.007095000001299923,72332.0,<entities.dtn.DTN object at 0x0000010D3F4FF280>,<entities.processor.Processor object at 0x0000010D3F522AF0>
199.5739350001375,0.007095000001299923,72332.0,<entities.dtn.DTN object at 0x0000010D3F4FF280>,<entities.processor.Processor object at 0x0000010D3F522AF0>
199.57396500013752,0.007095000001299923,72332.0,<entities.dtn.DTN object at 0x0000010D3F4FF280>,<entities.processor.Processor object at 0x0000010D3F522AF0>
199.57399500013753,0.007095000001299923,72332.0,<entities.dtn.DTN object at 0x0000010D3F4FF280>,<entities.processor.Processor object at 0x0000010D3F522AF0>
199.57402500013754,0.007095000001299923,72332.0,<entities.dtn.DTN object at 0x0000010D3F4FF280>,<entities.processor.Processor object at 0x0000010D3F522AF0>
199.57405500013755,0.007095000001299923,72332.0,<entities.dtn.DTN object at 0x0000010D3F4FF280>,<entities.processor.Processor object at 0x0000010D3F522AF0>
199.57408500013756,0.007095000001299923,72332.0,<entities.dtn.DTN object at 0x0000010D3F4FF280>,<entities.processor.Processor object at 0x0000010D3F522AF0>
199.57411500013757,0.007095000001299923,72332.0,<entities.dtn.DTN object at 0x0000010D3F4FF280>,<entities.processor.Processor object at 0x0000010D3F522AF0>
199.57414500013758,0.007095000001299923,72332.0,<entities.dtn.DTN object at 0x0000010D3F4FF280>,<entities.processor.Processor object at 0x0000010D3F522AF0>
199.5741750001376,0.007095000001299923,72332.0,<entities.dtn.DTN object at 0x0000010D3F4FF280>,<entities.processor.Processor object at 0x0000010D3F522AF0>
199.5742050001376,0.007095000001299923,72332.0,<entities.dtn.DTN object at 0x0000010D3F4FF280>,<entities.processor.Processor object at 0x0000010D3F522AF0>
199.5742350001376,0.007095000001299923,72332.0,<entities.dtn.DTN object at 0x0000010D3F4FF280>,<entities.processor.Processor object at 0x0000010D3F522AF0>
199.57426500013761,0.007095000001299923,72332.0,<entities.dtn.DTN object at 0x0000010D3F4FF280>,<entities.processor.Processor object at 0x0000010D3F522AF0>
199.57429500013762,0.007095000001299923,72332.0,<entities.dtn.DTN object at 0x0000010D3F4FF280>,<entities.processor.Processor object at 0x0000010D3F522AF0>
199.57432500013763,0.007095000001299923,72332.0,<entities.dtn.DTN object at 0x0000010D3F4FF280>,<entities.processor.Processor object at 0x0000010D3F522AF0>
199.57435500013764,0.007095000001299923,72332.0,<entities.dtn.DTN object at 0x0000010D3F4FF280>,<entities.processor.Processor object at 0x0000010D3F522AF0>
199.57438500013765,0.007095000001299923,72332.0,<entities.dtn.DTN object at 0x0000010D3F4FF280>,<entities.processor.Processor object at 0x0000010D3F522AF0>
199.57441500013766,0.007095000001299923,72332.0,<entities.dtn.DTN object at 0x0000010D3F4FF280>,<entities.processor.Processor object at 0x0000010D3F522AF0>
199.57444500013767,0.007095000001299923,72332.0,<entities.dtn.DTN object at 0x0000010D3F4FF280>,<entities.processor.Processor object at 0x0000010D3F522AF0>
199.57447500013768,0.007095000001299923,72332.0,<entities.dtn.DTN object at 0x0000010D3F4FF280>,<entities.processor.Processor object at 0x0000010D3F522AF0>
199.5745050001377,0.007095000001299923,72332.0,<entities.dtn.DTN object at 0x0000010D3F4FF280>,<entities.processor.Processor object at 0x0000010D3F522AF0>
199.5745350001377,0.007095000001299923,72332.0,<entities.dtn.DTN object at 0x0000010D3F4FF280>,<entities.processor.Processor object at 0x0000010D3F522AF0>
199.5745650001377,0.007095000001299923,72332.0,<entities.dtn.DTN object at 0x0000010D3F4FF280>,<entities.processor.Processor object at 0x0000010D3F522AF0>
199.57459500013772,0.007095000001299923,72332.0,<entities.dtn.DTN object at 0x0000010D3F4FF280>,<entities.processor.Processor object at 0x0000010D3F522AF0>
199.57462500013773,0.007095000001299923,72332.0,<entities.dtn.DTN object at 0x0000010D3F4FF280>,<entities.processor.Processor object at 0x0000010D3F522AF0>
199.57465500013774,0.007095000001299923,72332.0,<entities.dtn.DTN object at 0x0000010D3F4FF280>,<entities.processor.Processor object at 0x0000010D3F522AF0>
199.57468500013775,0.007095000001299923,72332.0,<entities.dtn.DTN object at 0x0000010D3F4FF280>,<entities.processor.Processor object at 0x0000010D3F522AF0>
199.57471500013776,0.007095000001299923,72332.0,<entities.dtn.DTN object at 0x0000010D3F4FF280>,<entities.processor.Processor object at 0x0000010D3F522AF0>
199.57474500013777,0.007095000001299923,72332.0,<entities.dtn.DTN object at 0x0000010D3F4FF280>,<entities.processor.Processor object at 0x0000010D3F522AF0>
199.57477500013778,0.007095000001299923,72332.0,<entities.dtn.DTN object at 0x0000010D3F4FF280>,<entities.processor.Processor object at 0x0000010D3F522AF0>
199.5748050001378,0.007095000001299923,72332.0,<entities.dtn.DTN object at 0x0000010D3F4FF280>,<entities.processor.Processor object at 0x0000010D3F522AF0>
199.5748350001378,0.007095000001299923,72332.0,<entities.dtn.DTN object at 0x0000010D3F4FF280>,<entities.processor.Processor object at 0x0000010D3F522AF0>
199.5748650001378,0.007095000001299923,72332.0,<entities.dtn.DTN object at 0x0000010D3F4FF280>,<entities.processor.Processor object at 0x0000010D3F522AF0>
199.57489500013781,0.007095000001299923,72332.0,<entities.dtn.DTN object at 0x0000010D3F4FF280>,<entities.processor.Processor object at 0x0000010D3F522AF0>
199.57492500013782,0.007095000001299923,72332.0,<entities.dtn.DTN object at 0x0000010D3F4FF280>,<entities.processor.Processor object at 0x0000010D3F522AF0>
199.57495500013783,0.007095000001299923,72332.0,<entities.dtn.DTN object at 0x0000010D3F4FF280>,<entities.processor.Processor object at 0x0000010D3F522AF0>
199.57498500013784,0.007095000001299923,72332.0,<entities.dtn.DTN object at 0x0000010D3F4FF280>,<entities.processor.Processor object at 0x0000010D3F522AF0>
199.57501500013785,0.007095000001299923,72332.0,<entities.dtn.DTN object at 0x0000010D3F4FF280>,<entities.processor.Processor object at 0x0000010D3F522AF0>
199.57504500013786,0.007095000001299923,72332.0,<entities.dtn.DTN object at 0x0000010D3F4FF280>,<entities.processor.Processor object at 0x0000010D3F522AF0>
199.57507500013787,0.007095000001299923,72332.0,<entities.dtn.DTN object at 0x0000010D3F4FF280>,<entities.processor.Processor object at 0x0000010D3F522AF0>
199.57510500013788,0.007095000001299923,72332.0,<entities.dtn.DTN object at 0x0000010D3F4FF280>,<entities.processor.Processor object at 0x0000010D3F522AF0>
199.5751350001379,0.007095000001299923,72332.0,<entities.dtn.DTN object at 0x0000010D3F4FF280>,<entities.processor.Processor object at 0x0000010D3F522AF0>
199.5751650001379,0.007095000001299923,72332.0,<entities.dtn.DTN object at 0x0000010D3F4FF280>,<entities.processor.Processor object at 0x0000010D3F522AF0>
199.5751950001379,0.007095000001299923,72332.0,<entities.dtn.DTN object at 0x0000010D3F4FF280>,<entities.processor.Processor object at 0x0000010D3F522AF0>
199.57522500013792,0.007095000001299923,72332.0,<entities.dtn.DTN object at 0x0000010D3F4FF280>,<entities.processor.Processor object at 0x0000010D3F522AF0>
199.57525500013793,0.007095000001299923,72332.0,<entities.dtn.DTN object at 0x0000010D3F4FF280>,<entities.processor.Processor object at 0x0000010D3F522AF0>
199.57528500013794,0.007095000001299923,72332.0,<entities.dtn.DTN object at 0x0000010D3F4FF280>,<entities.processor.Processor object at 0x0000010D3F522AF0>
199.57531500013795,0.007095000001299923,72332.0,<entities.dtn.DTN object at 0x0000010D3F4FF280>,<entities.processor.Processor object at 0x0000010D3F522AF0>
199.57534500013796,0.007095000001299923,72332.0,<entities.dtn.DTN object at 0x0000010D3F4FF280>,<entities.processor.Processor object at 0x0000010D3F522AF0>
199.57537500013797,0.007095000001299923,72332.0,<entities.dtn.DTN object at 0x0000010D3F4FF280>,<entities.processor.Processor object at 0x0000010D3F522AF0>
199.57540500013798,0.007095000001299923,72332.0,<entities.dtn.DTN object at 0x0000010D3F4FF280>,<entities.processor.Processor object at 0x0000010D3F522AF0>
199.575435000138,0.007095000001299923,72332.0,<entities.dtn.DTN object at 0x0000010D3F4FF280>,<entities.processor.Processor object at 0x0000010D3F522AF0>
199.575465000138,0.007095000001299923,72332.0,<entities.dtn.DTN object at 0x0000010D3F4FF280>,<entities.processor.Processor object at 0x0000010D3F522AF0>
199.575495000138,0.007095000001299923,72332.0,<entities.dtn.DTN object at 0x0000010D3F4FF280>,<entities.processor.Processor object at 0x0000010D3F522AF0>
199.57552500013801,0.007095000001299923,72332.0,<entities.dtn.DTN object at 0x0000010D3F4FF280>,<entities.processor.Processor object at 0x0000010D3F522AF0>
199.57555500013802,0.007095000001299923,72332.0,<entities.dtn.DTN object at 0x0000010D3F4FF280>,<entities.processor.Processor object at 0x0000010D3F522AF0>
199.57558500013803,0.007095000001299923,72332.0,<entities.dtn.DTN object at 0x0000010D3F4FF280>,<entities.processor.Processor object at 0x0000010D3F522AF0>
199.57561500013804,0.007095000001299923,72332.0,<entities.dtn.DTN object at 0x0000010D3F4FF280>,<entities.processor.Processor object at 0x0000010D3F522AF0>
199.57564500013805,0.007095000001299923,72332.0,<entities.dtn.DTN object at 0x0000010D3F4FF280>,<entities.processor.Processor object at 0x0000010D3F522AF0>
199.57567500013806,0.007095000001299923,72332.0,<entities.dtn.DTN object at 0x0000010D3F4FF280>,<entities.processor.Processor object at 0x0000010D3F522AF0>
199.57570500013807,0.007095000001299923,72332.0,<entities.dtn.DTN object at 0x0000010D3F4FF280>,<entities.processor.Processor object at 0x0000010D3F522AF0>
199.57573500013808,0.007095000001299923,72332.0,<entities.dtn.DTN object at 0x0000010D3F4FF280>,<entities.processor.Processor object at 0x0000010D3F522AF0>
199.5757650001381,0.007095000001299923,72332.0,<entities.dtn.DTN object at 0x0000010D3F4FF280>,<entities.processor.Processor object at 0x0000010D3F522AF0>
199.5757950001381,0.007095000001299923,72332.0,<entities.dtn.DTN object at 0x0000010D3F4FF280>,<entities.processor.Processor object at 0x0000010D3F522AF0>
199.5758250001381,0.007095000001299923,72332.0,<entities.dtn.DTN object at 0x0000010D3F4FF280>,<entities.processor.Processor object at 0x0000010D3F522AF0>
199.58095500013877,0.007170000001309518,72332.0,<entities.dtn.DTN object at 0x0000010D3F4FF280>,<entities.processor.Processor object at 0x0000010D3F522AF0>
199.5810150001388,0.00720000000131904,72332.0,<entities.dtn.DTN object at 0x0000010D3F4FF280>,<entities.processor.Processor object at 0x0000010D3F522AF0>
199.5810450001388,0.00720000000131904,72332.0,<entities.dtn.DTN object at 0x0000010D3F4FF280>,<entities.processor.Processor object at 0x0000010D3F522AF0>
199.5810750001388,0.00720000000131904,72332.0,<entities.dtn.DTN object at 0x0000010D3F4FF280>,<entities.processor.Processor object at 0x0000010D3F522AF0>
199.58110500013882,0.00720000000131904,72332.0,<entities.dtn.DTN object at 0x0000010D3F4FF280>,<entities.processor.Processor object at 0x0000010D3F522AF0>
199.58113500013883,0.00720000000131904,72332.0,<entities.dtn.DTN object at 0x0000010D3F4FF280>,<entities.processor.Processor object at 0x0000010D3F522AF0>
199.58116500013884,0.00720000000131904,72332.0,<entities.dtn.DTN object at 0x0000010D3F4FF280>,<entities.processor.Processor object at 0x0000010D3F522AF0>
199.58119500013885,0.00720000000131904,72332.0,<entities.dtn.DTN object at 0x0000010D3F4FF280>,<entities.processor.Processor object at 0x0000010D3F522AF0>
199.58122500013886,0.00720000000131904,72332.0,<entities.dtn.DTN object at 0x0000010D3F4FF280>,<entities.processor.Processor object at 0x0000010D3F522AF0>
199.58125500013887,0.00720000000131904,72332.0,<entities.dtn.DTN object at 0x0000010D3F4FF280>,<entities.processor.Processor object at 0x0000010D3F522AF0>
199.58128500013888,0.00720000000131904,72332.0,<entities.dtn.DTN object at 0x0000010D3F4FF280>,<entities.processor.Processor object at 0x0000010D3F522AF0>
199.5813150001389,0.00720000000131904,72332.0,<entities.dtn.DTN object at 0x0000010D3F4FF280>,<entities.processor.Processor object at 0x0000010D3F522AF0>
199.5813450001389,0.00720000000131904,72332.0,<entities.dtn.DTN object at 0x0000010D3F4FF280>,<entities.processor.Processor object at 0x0000010D3F522AF0>
199.5813750001389,0.00720000000131904,72332.0,<entities.dtn.DTN object at 0x0000010D3F4FF280>,<entities.processor.Processor object at 0x0000010D3F522AF0>
199.58140500013891,0.00720000000131904,72332.0,<entities.dtn.DTN object at 0x0000010D3F4FF280>,<entities.processor.Processor object at 0x0000010D3F522AF0>
199.58143500013892,0.00720000000131904,72332.0,<entities.dtn.DTN object at 0x0000010D3F4FF280>,<entities.processor.Processor object at 0x0000010D3F522AF0>
199.58146500013893,0.00720000000131904,72332.0,<entities.dtn.DTN object at 0x0000010D3F4FF280>,<entities.processor.Processor object at 0x0000010D3F522AF0>
199.58149500013894,0.00720000000131904,72332.0,<entities.dtn.DTN object at 0x0000010D3F4FF280>,<entities.processor.Processor object at 0x0000010D3F522AF0>
199.58152500013895,0.00720000000131904,72332.0,<entities.dtn.DTN object at 0x0000010D3F4FF280>,<entities.processor.Processor object at 0x0000010D3F522AF0>
199.58155500013896,0.00720000000131904,72332.0,<entities.dtn.DTN object at 0x0000010D3F4FF280>,<entities.processor.Processor object at 0x0000010D3F522AF0>
199.58158500013897,0.00720000000131904,72332.0,<entities.dtn.DTN object at 0x0000010D3F4FF280>,<entities.processor.Processor object at 0x0000010D3F522AF0>
199.58161500013898,0.00720000000131904,72332.0,<entities.dtn.DTN object at 0x0000010D3F4FF280>,<entities.processor.Processor object at 0x0000010D3F522AF0>
199.581645000139,0.00720000000131904,72332.0,<entities.dtn.DTN object at 0x0000010D3F4FF280>,<entities.processor.Processor object at 0x0000010D3F522AF0>
199.581675000139,0.00720000000131904,72332.0,<entities.dtn.DTN object at 0x0000010D3F4FF280>,<entities.processor.Processor object at 0x0000010D3F522AF0>
199.581705000139,0.00720000000131904,72332.0,<entities.dtn.DTN object at 0x0000010D3F4FF280>,<entities.processor.Processor object at 0x0000010D3F522AF0>
199.58173500013902,0.00720000000131904,72332.0,<entities.dtn.DTN object at 0x0000010D3F4FF280>,<entities.processor.Processor object at 0x0000010D3F522AF0>
199.58176500013903,0.00720000000131904,72332.0,<entities.dtn.DTN object at 0x0000010D3F4FF280>,<entities.processor.Processor object at 0x0000010D3F522AF0>
199.58179500013904,0.00720000000131904,72332.0,<entities.dtn.DTN object at 0x0000010D3F4FF280>,<entities.processor.Processor object at 0x0000010D3F522AF0>
199.58182500013905,0.00720000000131904,72332.0,<entities.dtn.DTN object at 0x0000010D3F4FF280>,<entities.processor.Processor object at 0x0000010D3F522AF0>
199.58185500013906,0.00720000000131904,72332.0,<entities.dtn.DTN object at 0x0000010D3F4FF280>,<entities.processor.Processor object at 0x0000010D3F522AF0>
199.58188500013907,0.00720000000131904,72332.0,<entities.dtn.DTN object at 0x0000010D3F4FF280>,<entities.processor.Processor object at 0x0000010D3F522AF0>
199.58191500013908,0.00720000000131904,72332.0,<entities.dtn.DTN object at 0x0000010D3F4FF280>,<entities.processor.Processor object at 0x0000010D3F522AF0>
199.5819450001391,0.00720000000131904,72332.0,<entities.dtn.DTN object at 0x0000010D3F4FF280>,<entities.processor.Processor object at 0x0000010D3F522AF0>
199.5819750001391,0.00720000000131904,72332.0,<entities.dtn.DTN object at 0x0000010D3F4FF280>,<entities.processor.Processor object at 0x0000010D3F522AF0>
199.5820050001391,0.00720000000131904,72332.0,<entities.dtn.DTN object at 0x0000010D3F4FF280>,<entities.processor.Processor object at 0x0000010D3F522AF0>
199.58203500013911,0.00720000000131904,72332.0,<entities.dtn.DTN object at 0x0000010D3F4FF280>,<entities.processor.Processor object at 0x0000010D3F522AF0>
199.58206500013912,0.00720000000131904,72332.0,<entities.dtn.DTN object at 0x0000010D3F4FF280>,<entities.processor.Processor object at 0x0000010D3F522AF0>
199.58209500013913,0.00720000000131904,72332.0,<entities.dtn.DTN object at 0x0000010D3F4FF280>,<entities.processor.Processor object at 0x0000010D3F522AF0>
199.58212500013914,0.00720000000131904,72332.0,<entities.dtn.DTN object at 0x0000010D3F4FF280>,<entities.processor.Processor object at 0x0000010D3F522AF0>
199.58215500013915,0.00720000000131904,72332.0,<entities.dtn.DTN object at 0x0000010D3F4FF280>,<entities.processor.Processor object at 0x0000010D3F522AF0>
199.58218500013916,0.00720000000131904,72332.0,<entities.dtn.DTN object at 0x0000010D3F4FF280>,<entities.processor.Processor object at 0x0000010D3F522AF0>
199.58221500013917,0.00720000000131904,72332.0,<entities.dtn.DTN object at 0x0000010D3F4FF280>,<entities.processor.Processor object at 0x0000010D3F522AF0>
199.58224500013918,0.00720000000131904,72332.0,<entities.dtn.DTN object at 0x0000010D3F4FF280>,<entities.processor.Processor object at 0x0000010D3F522AF0>
199.5822750001392,0.00720000000131904,72332.0,<entities.dtn.DTN object at 0x0000010D3F4FF280>,<entities.processor.Processor object at 0x0000010D3F522AF0>
199.5823050001392,0.00720000000131904,72332.0,<entities.dtn.DTN object at 0x0000010D3F4FF280>,<entities.processor.Processor object at 0x0000010D3F522AF0>
199.5823350001392,0.00720000000131904,72332.0,<entities.dtn.DTN object at 0x0000010D3F4FF280>,<entities.processor.Processor object at 0x0000010D3F522AF0>
199.58236500013922,0.00720000000131904,72332.0,<entities.dtn.DTN object at 0x0000010D3F4FF280>,<entities.processor.Processor object at 0x0000010D3F522AF0>
199.58239500013923,0.00720000000131904,72332.0,<entities.dtn.DTN object at 0x0000010D3F4FF280>,<entities.processor.Processor object at 0x0000010D3F522AF0>
199.58242500013924,0.00720000000131904,72332.0,<entities.dtn.DTN object at 0x0000010D3F4FF280>,<entities.processor.Processor object at 0x0000010D3F522AF0>
199.58245500013925,0.00720000000131904,72332.0,<entities.dtn.DTN object at 0x0000010D3F4FF280>,<entities.processor.Processor object at 0x0000010D3F522AF0>
199.58248500013926,0.00720000000131904,72332.0,<entities.dtn.DTN object at 0x0000010D3F4FF280>,<entities.processor.Processor object at 0x0000010D3F522AF0>
199.58251500013927,0.00720000000131904,72332.0,<entities.dtn.DTN object at 0x0000010D3F4FF280>,<entities.processor.Processor object at 0x0000010D3F522AF0>
199.58254500013928,0.00720000000131904,72332.0,<entities.dtn.DTN object at 0x0000010D3F4FF280>,<entities.processor.Processor object at 0x0000010D3F522AF0>
199.5825750001393,0.00720000000131904,72332.0,<entities.dtn.DTN object at 0x0000010D3F4FF280>,<entities.processor.Processor object at 0x0000010D3F522AF0>
199.5826050001393,0.00720000000131904,72332.0,<entities.dtn.DTN object at 0x0000010D3F4FF280>,<entities.processor.Processor object at 0x0000010D3F522AF0>
199.5826350001393,0.00720000000131904,72332.0,<entities.dtn.DTN object at 0x0000010D3F4FF280>,<entities.processor.Processor object at 0x0000010D3F522AF0>
199.58266500013931,0.00720000000131904,72332.0,<entities.dtn.DTN object at 0x0000010D3F4FF280>,<entities.processor.Processor object at 0x0000010D3F522AF0>
199.58269500013932,0.00720000000131904,72332.0,<entities.dtn.DTN object at 0x0000010D3F4FF280>,<entities.processor.Processor object at 0x0000010D3F522AF0>
199.58272500013933,0.00720000000131904,72332.0,<entities.dtn.DTN object at 0x0000010D3F4FF280>,<entities.processor.Processor object at 0x0000010D3F522AF0>
199.58275500013934,0.00720000000131904,72332.0,<entities.dtn.DTN object at 0x0000010D3F4FF280>,<entities.processor.Processor object at 0x0000010D3F522AF0>
199.58278500013935,0.00720000000131904,72332.0,<entities.dtn.DTN object at 0x0000010D3F4FF280>,<entities.processor.Processor object at 0x0000010D3F522AF0>
199.58281500013936,0.00720000000131904,72332.0,<entities.dtn.DTN object at 0x0000010D3F4FF280>,<entities.processor.Processor object at 0x0000010D3F522AF0>
199.58284500013937,0.00720000000131904,72332.0,<entities.dtn.DTN object at 0x0000010D3F4FF280>,<entities.processor.Processor object at 0x0000010D3F522AF0>
199.58287500013938,0.00720000000131904,72332.0,<entities.dtn.DTN object at 0x0000010D3F4FF280>,<entities.processor.Processor object at 0x0000010D3F522AF0>
199.5829050001394,0.00720000000131904,72332.0,<entities.dtn.DTN object at 0x0000010D3F4FF280>,<entities.processor.Processor object at 0x0000010D3F522AF0>
199.5829350001394,0.00720000000131904,72332.0,<entities.dtn.DTN object at 0x0000010D3F4FF280>,<entities.processor.Processor object at 0x0000010D3F522AF0>
199.5829650001394,0.00720000000131904,72332.0,<entities.dtn.DTN object at 0x0000010D3F4FF280>,<entities.processor.Processor object at 0x0000010D3F522AF0>
199.58299500013942,0.00720000000131904,72332.0,<entities.dtn.DTN object at 0x0000010D3F4FF280>,<entities.processor.Processor object at 0x0000010D3F522AF0>
199.5882000001401,0.007275000001328635,72332.0,<entities.dtn.DTN object at 0x0000010D3F4FF280>,<entities.processor.Processor object at 0x0000010D3F522AF0>
199.5882300001401,0.007275000001328635,72332.0,<entities.dtn.DTN object at 0x0000010D3F4FF280>,<entities.processor.Processor object at 0x0000010D3F522AF0>
199.58829000014012,0.007305000001338158,72332.0,<entities.dtn.DTN object at 0x0000010D3F4FF280>,<entities.processor.Processor object at 0x0000010D3F522AF0>
199.58832000014013,0.007305000001338158,72332.0,<entities.dtn.DTN object at 0x0000010D3F4FF280>,<entities.processor.Processor object at 0x0000010D3F522AF0>
199.58835000014014,0.007305000001338158,72332.0,<entities.dtn.DTN object at 0x0000010D3F4FF280>,<entities.processor.Processor object at 0x0000010D3F522AF0>
199.58838000014015,0.007305000001338158,72332.0,<entities.dtn.DTN object at 0x0000010D3F4FF280>,<entities.processor.Processor object at 0x0000010D3F522AF0>
199.58841000014016,0.007305000001338158,72332.0,<entities.dtn.DTN object at 0x0000010D3F4FF280>,<entities.processor.Processor object at 0x0000010D3F522AF0>
199.58844000014017,0.007305000001338158,72332.0,<entities.dtn.DTN object at 0x0000010D3F4FF280>,<entities.processor.Processor object at 0x0000010D3F522AF0>
199.58847000014018,0.007305000001338158,72332.0,<entities.dtn.DTN object at 0x0000010D3F4FF280>,<entities.processor.Processor object at 0x0000010D3F522AF0>
199.5885000001402,0.007305000001338158,72332.0,<entities.dtn.DTN object at 0x0000010D3F4FF280>,<entities.processor.Processor object at 0x0000010D3F522AF0>
199.5885300001402,0.007305000001338158,72332.0,<entities.dtn.DTN object at 0x0000010D3F4FF280>,<entities.processor.Processor object at 0x0000010D3F522AF0>
199.5885600001402,0.007305000001338158,72332.0,<entities.dtn.DTN object at 0x0000010D3F4FF280>,<entities.processor.Processor object at 0x0000010D3F522AF0>
199.58859000014021,0.007305000001338158,72332.0,<entities.dtn.DTN object at 0x0000010D3F4FF280>,<entities.processor.Processor object at 0x0000010D3F522AF0>
199.58862000014022,0.007305000001338158,72332.0,<entities.dtn.DTN object at 0x0000010D3F4FF280>,<entities.processor.Processor object at 0x0000010D3F522AF0>
199.58865000014023,0.007305000001338158,72332.0,<entities.dtn.DTN object at 0x0000010D3F4FF280>,<entities.processor.Processor object at 0x0000010D3F522AF0>
199.58868000014024,0.007305000001338158,72332.0,<entities.dtn.DTN object at 0x0000010D3F4FF280>,<entities.processor.Processor object at 0x0000010D3F522AF0>
199.58871000014025,0.007305000001338158,72332.0,<entities.dtn.DTN object at 0x0000010D3F4FF280>,<entities.processor.Processor object at 0x0000010D3F522AF0>
199.58874000014026,0.007305000001338158,72332.0,<entities.dtn.DTN object at 0x0000010D3F4FF280>,<entities.processor.Processor object at 0x0000010D3F522AF0>
199.58877000014027,0.007305000001338158,72332.0,<entities.dtn.DTN object at 0x0000010D3F4FF280>,<entities.processor.Processor object at 0x0000010D3F522AF0>
199.58880000014028,0.007305000001338158,72332.0,<entities.dtn.DTN object at 0x0000010D3F4FF280>,<entities.processor.Processor object at 0x0000010D3F522AF0>
199.5888300001403,0.007305000001338158,72332.0,<entities.dtn.DTN object at 0x0000010D3F4FF280>,<entities.processor.Processor object at 0x0000010D3F522AF0>
199.5888600001403,0.007305000001338158,72332.0,<entities.dtn.DTN object at 0x0000010D3F4FF280>,<entities.processor.Processor object at 0x0000010D3F522AF0>
199.5888900001403,0.007305000001338158,72332.0,<entities.dtn.DTN object at 0x0000010D3F4FF280>,<entities.processor.Processor object at 0x0000010D3F522AF0>
199.58892000014032,0.007305000001338158,72332.0,<entities.dtn.DTN object at 0x0000010D3F4FF280>,<entities.processor.Processor object at 0x0000010D3F522AF0>
199.58895000014033,0.007305000001338158,72332.0,<entities.dtn.DTN object at 0x0000010D3F4FF280>,<entities.processor.Processor object at 0x0000010D3F522AF0>
199.58898000014034,0.007305000001338158,72332.0,<entities.dtn.DTN object at 0x0000010D3F4FF280>,<entities.processor.Processor object at 0x0000010D3F522AF0>
199.58901000014035,0.007305000001338158,72332.0,<entities.dtn.DTN object at 0x0000010D3F4FF280>,<entities.processor.Processor object at 0x0000010D3F522AF0>
199.58904000014036,0.007305000001338158,72332.0,<entities.dtn.DTN object at 0x0000010D3F4FF280>,<entities.processor.Processor object at 0x0000010D3F522AF0>
199.58907000014037,0.007305000001338158,72332.0,<entities.dtn.DTN object at 0x0000010D3F4FF280>,<entities.processor.Processor object at 0x0000010D3F522AF0>
199.58910000014038,0.007305000001338158,72332.0,<entities.dtn.DTN object at 0x0000010D3F4FF280>,<entities.processor.Processor object at 0x0000010D3F522AF0>
199.5891300001404,0.007305000001338158,72332.0,<entities.dtn.DTN object at 0x0000010D3F4FF280>,<entities.processor.Processor object at 0x0000010D3F522AF0>
199.5891600001404,0.007305000001338158,72332.0,<entities.dtn.DTN object at 0x0000010D3F4FF280>,<entities.processor.Processor object at 0x0000010D3F522AF0>
199.5891700001404,0.0072850000013318095,72332.0,<entities.dtn.DTN object at 0x0000010D3F4FF280>,<entities.processor.Processor object at 0x0000010D3F522AF0>
199.5891700001404,0.007255000001322287,72332.0,<entities.dtn.DTN object at 0x0000010D3F4FF280>,<entities.processor.Processor object at 0x0000010D3F522AF0>
199.5891700001404,0.007225000001312765,72332.0,<entities.dtn.DTN object at 0x0000010D3F4FF280>,<entities.processor.Processor object at 0x0000010D3F522AF0>
199.5891700001404,0.007195000001303242,72332.0,<entities.dtn.DTN object at 0x0000010D3F4FF280>,<entities.processor.Processor object at 0x0000010D3F522AF0>
199.5891700001404,0.00716500000129372,72332.0,<entities.dtn.DTN object at 0x0000010D3F4FF280>,<entities.processor.Processor object at 0x0000010D3F522AF0>
199.5891700001404,0.007135000001284197,72332.0,<entities.dtn.DTN object at 0x0000010D3F4FF280>,<entities.processor.Processor object at 0x0000010D3F522AF0>
199.5891700001404,0.007105000001274675,72332.0,<entities.dtn.DTN object at 0x0000010D3F4FF280>,<entities.processor.Processor object at 0x0000010D3F522AF0>
199.5891700001404,0.007075000001265153,72332.0,<entities.dtn.DTN object at 0x0000010D3F4FF280>,<entities.processor.Processor object at 0x0000010D3F522AF0>
199.5891700001404,0.00704500000125563,72332.0,<entities.dtn.DTN object at 0x0000010D3F4FF280>,<entities.processor.Processor object at 0x0000010D3F522AF0>
199.5891700001404,0.007015000001246108,72332.0,<entities.dtn.DTN object at 0x0000010D3F4FF280>,<entities.processor.Processor object at 0x0000010D3F522AF0>
199.5891700001404,0.006985000001236585,72332.0,<entities.dtn.DTN object at 0x0000010D3F4FF280>,<entities.processor.Processor object at 0x0000010D3F522AF0>
199.5891700001404,0.006955000001227063,72332.0,<entities.dtn.DTN object at 0x0000010D3F4FF280>,<entities.processor.Processor object at 0x0000010D3F522AF0>
199.5891700001404,0.0069250000012175406,72332.0,<entities.dtn.DTN object at 0x0000010D3F4FF280>,<entities.processor.Processor object at 0x0000010D3F522AF0>
199.5891700001404,0.006895000001208018,72332.0,<entities.dtn.DTN object at 0x0000010D3F4FF280>,<entities.processor.Processor object at 0x0000010D3F522AF0>
199.5891700001404,0.006865000001198496,72332.0,<entities.dtn.DTN object at 0x0000010D3F4FF280>,<entities.processor.Processor object at 0x0000010D3F522AF0>
199.5891700001404,0.006835000001188973,72332.0,<entities.dtn.DTN object at 0x0000010D3F4FF280>,<entities.processor.Processor object at 0x0000010D3F522AF0>
199.5891700001404,0.006805000001179451,72332.0,<entities.dtn.DTN object at 0x0000010D3F4FF280>,<entities.processor.Processor object at 0x0000010D3F522AF0>
199.5891700001404,0.0067750000011699285,72332.0,<entities.dtn.DTN object at 0x0000010D3F4FF280>,<entities.processor.Processor object at 0x0000010D3F522AF0>
199.5891700001404,0.006745000001160406,72332.0,<entities.dtn.DTN object at 0x0000010D3F4FF280>,<entities.processor.Processor object at 0x0000010D3F522AF0>
199.5891700001404,0.006715000001150884,72332.0,<entities.dtn.DTN object at 0x0000010D3F4FF280>,<entities.processor.Processor object at 0x0000010D3F522AF0>
199.5891700001404,0.006685000001141361,72332.0,<entities.dtn.DTN object at 0x0000010D3F4FF280>,<entities.processor.Processor object at 0x0000010D3F522AF0>
199.5891700001404,0.006655000001131839,72332.0,<entities.dtn.DTN object at 0x0000010D3F4FF280>,<entities.processor.Processor object at 0x0000010D3F522AF0>
199.5891700001404,0.0066250000011223165,72332.0,<entities.dtn.DTN object at 0x0000010D3F4FF280>,<entities.processor.Processor object at 0x0000010D3F522AF0>
199.5891700001404,0.006595000001112794,72332.0,<entities.dtn.DTN object at 0x0000010D3F4FF280>,<entities.processor.Processor object at 0x0000010D3F522AF0>
199.5891700001404,0.006565000001103272,72332.0,<entities.dtn.DTN object at 0x0000010D3F4FF280>,<entities.processor.Processor object at 0x0000010D3F522AF0>
199.5891700001404,0.006535000001093749,72332.0,<entities.dtn.DTN object at 0x0000010D3F4FF280>,<entities.processor.Processor object at 0x0000010D3F522AF0>
199.5891700001404,0.006505000001084227,72332.0,<entities.dtn.DTN object at 0x0000010D3F4FF280>,<entities.processor.Processor object at 0x0000010D3F522AF0>
199.5891700001404,0.006475000001074704,72332.0,<entities.dtn.DTN object at 0x0000010D3F4FF280>,<entities.processor.Processor object at 0x0000010D3F522AF0>
199.5891700001404,0.006445000001065182,72332.0,<entities.dtn.DTN object at 0x0000010D3F4FF280>,<entities.processor.Processor object at 0x0000010D3F522AF0>
199.5891700001404,0.00641500000105566,72332.0,<entities.dtn.DTN object at 0x0000010D3F4FF280>,<entities.processor.Processor object at 0x0000010D3F522AF0>
199.5891700001404,0.006385000001046137,72332.0,<entities.dtn.DTN object at 0x0000010D3F4FF280>,<entities.processor.Processor object at 0x0000010D3F522AF0>
199.5891700001404,0.006355000001036615,72332.0,<entities.dtn.DTN object at 0x0000010D3F4FF280>,<entities.processor.Processor object at 0x0000010D3F522AF0>
199.5891700001404,0.006325000001027092,72332.0,<entities.dtn.DTN object at 0x0000010D3F4FF280>,<entities.processor.Processor object at 0x0000010D3F522AF0>
199.5891700001404,0.00629500000101757,72332.0,<entities.dtn.DTN object at 0x0000010D3F4FF280>,<entities.processor.Processor object at 0x0000010D3F522AF0>
199.5891700001404,0.0062650000010080475,72332.0,<entities.dtn.DTN object at 0x0000010D3F4FF280>,<entities.processor.Processor object at 0x0000010D3F522AF0>
199.5891700001404,0.006235000000998525,72332.0,<entities.dtn.DTN object at 0x0000010D3F4FF280>,<entities.processor.Processor object at 0x0000010D3F522AF0>
199.5891700001404,0.006205000000989003,72332.0,<entities.dtn.DTN object at 0x0000010D3F4FF280>,<entities.processor.Processor object at 0x0000010D3F522AF0>
199.5916700001407,0.0035000000006277787,72332.0,<entities.dtn.DTN object at 0x0000010D3F4FF280>,<entities.processor.Processor object at 0x0000010D3F522AF0>
199.5916700001407,0.0034700000006182563,72332.0,<entities.dtn.DTN object at 0x0000010D3F4FF280>,<entities.processor.Processor object at 0x0000010D3F522AF0>
199.5916700001407,0.003440000000608734,72332.0,<entities.dtn.DTN object at 0x0000010D3F4FF280>,<entities.processor.Processor object at 0x0000010D3F522AF0>
199.5916700001407,0.0034100000005992115,72332.0,<entities.dtn.DTN object at 0x0000010D3F4FF280>,<entities.processor.Processor object at 0x0000010D3F522AF0>
199.5916700001407,0.003380000000589689,72332.0,<entities.dtn.DTN object at 0x0000010D3F4FF280>,<entities.processor.Processor object at 0x0000010D3F522AF0>
199.5916700001407,0.0033500000005801667,72332.0,<entities.dtn.DTN object at 0x0000010D3F4FF280>,<entities.processor.Processor object at 0x0000010D3F522AF0>
199.5916700001407,0.0033200000005706443,72332.0,<entities.dtn.DTN object at 0x0000010D3F4FF280>,<entities.processor.Processor object at 0x0000010D3F522AF0>
199.5916700001407,0.003290000000561122,72332.0,<entities.dtn.DTN object at 0x0000010D3F4FF280>,<entities.processor.Processor object at 0x0000010D3F522AF0>
199.5916700001407,0.0032600000005515994,72332.0,<entities.dtn.DTN object at 0x0000010D3F4FF280>,<entities.processor.Processor object at 0x0000010D3F522AF0>
199.5916700001407,0.003230000000542077,72332.0,<entities.dtn.DTN object at 0x0000010D3F4FF280>,<entities.processor.Processor object at 0x0000010D3F522AF0>
199.5916700001407,0.0032000000005325546,72332.0,<entities.dtn.DTN object at 0x0000010D3F4FF280>,<entities.processor.Processor object at 0x0000010D3F522AF0>
199.5916700001407,0.003170000000523032,72332.0,<entities.dtn.DTN object at 0x0000010D3F4FF280>,<entities.processor.Processor object at 0x0000010D3F522AF0>
199.5916700001407,0.00314000000051351,72332.0,<entities.dtn.DTN object at 0x0000010D3F4FF280>,<entities.processor.Processor object at 0x0000010D3F522AF0>
199.5916700001407,0.0031100000005039874,72332.0,<entities.dtn.DTN object at 0x0000010D3F4FF280>,<entities.processor.Processor object at 0x0000010D3F522AF0>
199.5916700001407,0.003080000000494465,72332.0,<entities.dtn.DTN object at 0x0000010D3F4FF280>,<entities.processor.Processor object at 0x0000010D3F522AF0>
199.5916700001407,0.0030500000004849426,72332.0,<entities.dtn.DTN object at 0x0000010D3F4FF280>,<entities.processor.Processor object at 0x0000010D3F522AF0>
199.5916700001407,0.00302000000047542,72332.0,<entities.dtn.DTN object at 0x0000010D3F4FF280>,<entities.processor.Processor object at 0x0000010D3F522AF0>
199.5916700001407,0.0029900000004658978,72332.0,<entities.dtn.DTN object at 0x0000010D3F4FF280>,<entities.processor.Processor object at 0x0000010D3F522AF0>
199.5916700001407,0.0029600000004563753,72332.0,<entities.dtn.DTN object at 0x0000010D3F4FF280>,<entities.processor.Processor object at 0x0000010D3F522AF0>
199.5916700001407,0.002930000000446853,72332.0,<entities.dtn.DTN object at 0x0000010D3F4FF280>,<entities.processor.Processor object at 0x0000010D3F522AF0>
199.5916700001407,0.0029000000004373305,72332.0,<entities.dtn.DTN object at 0x0000010D3F4FF280>,<entities.processor.Processor object at 0x0000010D3F522AF0>
199.5916700001407,0.002870000000427808,72332.0,<entities.dtn.DTN object at 0x0000010D3F4FF280>,<entities.processor.Processor object at 0x0000010D3F522AF0>
199.5916700001407,0.0028400000004182857,72332.0,<entities.dtn.DTN object at 0x0000010D3F4FF280>,<entities.processor.Processor object at 0x0000010D3F522AF0>
199.5916700001407,0.0028100000004087633,72332.0,<entities.dtn.DTN object at 0x0000010D3F4FF280>,<entities.processor.Processor object at 0x0000010D3F522AF0>
199.5916700001407,0.002780000000399241,72332.0,<entities.dtn.DTN object at 0x0000010D3F4FF280>,<entities.processor.Processor object at 0x0000010D3F522AF0>
199.5916700001407,0.0027500000003897185,72332.0,<entities.dtn.DTN object at 0x0000010D3F4FF280>,<entities.processor.Processor object at 0x0000010D3F522AF0>
199.5916700001407,0.002720000000380196,72332.0,<entities.dtn.DTN object at 0x0000010D3F4FF280>,<entities.processor.Processor object at 0x0000010D3F522AF0>
199.5916700001407,0.0026900000003706737,72332.0,<entities.dtn.DTN object at 0x0000010D3F4FF280>,<entities.processor.Processor object at 0x0000010D3F522AF0>
199.5916700001407,0.0026600000003611513,72332.0,<entities.dtn.DTN object at 0x0000010D3F4FF280>,<entities.processor.Processor object at 0x0000010D3F522AF0>
199.5916700001407,0.002630000000351629,72332.0,<entities.dtn.DTN object at 0x0000010D3F4FF280>,<entities.processor.Processor object at 0x0000010D3F522AF0>
199.5916700001407,0.0026000000003421064,72332.0,<entities.dtn.DTN object at 0x0000010D3F4FF280>,<entities.processor.Processor object at 0x0000010D3F522AF0>
199.5916700001407,0.002570000000332584,72332.0,<entities.dtn.DTN object at 0x0000010D3F4FF280>,<entities.processor.Processor object at 0x0000010D3F522AF0>
199.5916700001407,0.0025400000003230616,72332.0,<entities.dtn.DTN object at 0x0000010D3F4FF280>,<entities.processor.Processor object at 0x0000010D3F522AF0>
199.5916700001407,0.002510000000313539,72332.0,<entities.dtn.DTN object at 0x0000010D3F4FF280>,<entities.processor.Processor object at 0x0000010D3F522AF0>
